epoch,train_loss,val_loss,train_mean_ang,train_median_ang,train_p95_ang,train_p99_ang,train_max_ang,train_var_ang,val_mean_ang,val_median_ang,val_p95_ang,val_p99_ang,val_max_ang,val_var_ang
1,0.29454633355140686,0.0583995021879673,40.10399,33.105675,87.86431,134.3396,169.40039,717.60785,17.990656,15.848551,37.322643,50.751408,51.360596,107.884995
2,0.0656949083507061,0.022585530454913776,18.416296,16.88244,39.08239,46.5329,66.417336,104.41002,10.722387,9.500812,23.150314,29.698654,35.048058,45.11919
3,0.037515445351600646,0.011435351024071375,14.051299,13.183801,27.00552,34.519684,37.74584,51.814724,7.3740416,6.49814,18.224648,20.44762,20.45854,22.241573
4,0.03026450589299202,0.010224267840385437,12.521791,11.490307,25.658964,30.908121,35.55901,43.40576,7.2236505,6.3688436,16.017057,18.172424,18.601757,16.601278
5,0.02276492565870285,0.008601480474074682,10.776198,10.048859,22.179794,25.350187,34.891266,34.368958,6.4050183,5.416898,15.318568,18.66057,20.063736,16.599915
6,0.022531614899635316,0.006498159219821294,10.622992,9.732639,22.35748,27.666737,35.687054,36.420692,5.8792553,5.222458,12.514866,14.802325,16.651094,10.338252
7,0.01847198247909546,0.0056879594922065735,9.653389,8.94582,19.5946,23.95864,36.87841,28.738708,5.3160315,4.499681,12.001724,15.830129,16.200325,12.293044
8,0.017602321319282056,0.005249078075091044,9.46857,8.764771,18.445354,23.965742,30.232618,27.093966,5.0580053,4.092567,12.072691,15.495135,16.21398,12.250937
9,0.015896706990897656,0.006045045331120491,8.896277,8.1554785,17.640812,23.005558,35.370983,26.268803,5.6013274,4.783229,12.421737,15.089832,17.259369,12.062603
10,0.013312124498188495,0.005799998839696248,8.072963,7.508487,17.308033,21.692513,31.511932,22.789824,5.3436193,4.3604727,13.166022,16.582825,19.303051,14.150305
11,0.012812754102051259,0.005292278404037158,8.138728,7.906884,15.541588,20.709661,26.297976,18.406448,4.987257,4.3290834,11.302745,14.881029,16.856668,10.431212
12,0.012240248546004296,0.0054155973096688586,7.8908963,7.6553473,15.270098,19.664202,24.781893,18.381815,5.11084,4.6872673,10.878068,13.400179,17.206228,10.666424
13,0.012534085959196091,0.004656178876757622,7.8064404,6.9343495,16.77924,21.844585,27.198225,21.942602,4.6910105,4.0831633,10.604512,12.866941,15.193995,8.830462
14,0.010974970683455466,0.004363424455126126,7.3748055,6.687944,15.584926,18.762611,22.863625,18.047567,4.5496984,3.7794275,10.743716,12.842183,14.809633,8.568472
15,0.011314130499958991,0.004214169457554817,7.6933937,7.122021,15.001013,19.169756,20.852467,15.482986,4.4752607,3.7010298,10.629975,14.612168,15.203856,9.201982
16,0.010542929619550705,0.0037890331198771796,7.122249,6.3512254,15.240654,21.31915,31.844236,18.467096,4.2110267,3.439412,9.670821,13.103121,13.371986,8.128747
17,0.009413314200937748,0.004044792304436366,6.8530393,6.3807316,14.389355,17.568077,19.38339,15.351475,4.1674986,3.5763369,10.2131,12.331632,13.472061,8.420218
18,0.008580472823232412,0.003955419485767682,6.5730834,6.10175,13.759794,17.698397,21.304924,13.371128,4.0122676,3.2691998,10.052079,11.74173,13.506262,7.72685
19,0.007889256961643696,0.004146529982487361,6.460737,5.9945626,12.632215,15.955801,17.3392,10.268115,4.1807017,3.3071866,10.240945,12.603585,13.919747,9.043626
20,0.009005806632339955,0.004155981664856275,6.6478615,6.025321,13.158082,17.014414,29.894503,15.171925,4.2127748,3.2748303,10.994234,12.627784,12.921995,9.982805
21,0.008829878233373166,0.0035778147478898368,6.6180086,6.2099986,13.358902,16.753128,24.524017,14.138475,4.0881343,3.6254802,9.985175,12.195651,12.913868,6.647618
22,0.008519975133240223,0.004000462591648102,6.5797806,5.9816318,12.840782,15.873878,24.460941,12.646946,4.2978287,3.1471715,10.432516,12.672948,12.70599,8.992455
23,0.007984285522252322,0.003134955962498983,6.2269278,5.6974626,12.310603,15.928669,36.225815,13.93857,3.7985055,3.056909,9.344317,12.008679,13.640601,7.4532814
24,0.006759034097194671,0.003109376256664594,5.8093724,5.0838428,12.004219,15.164719,19.914553,10.666351,3.7951765,3.016101,9.866458,11.677694,13.107187,7.602986
25,0.007071984559297561,0.0032652337104082108,6.0051956,5.551391,11.74816,15.328206,19.91006,10.44954,3.862473,2.9328587,9.818115,12.489434,12.961611,8.309317
26,0.007513613998889923,0.0029158852994441986,6.169623,5.82366,12.56384,15.853341,22.8534,11.562844,3.6963322,3.0364633,9.26063,11.857884,12.288301,7.0140133
27,0.006234801635146141,0.002970962474743525,5.615013,5.264586,11.137839,14.298591,18.067518,9.3414135,3.6342773,2.5917444,9.540752,11.770297,11.837443,8.040252
28,0.006051229946315288,0.0031843328227599463,5.4056025,4.800242,11.394659,14.209295,18.245804,10.457103,3.6785889,2.7308211,10.914201,12.131149,12.208151,8.488437
29,0.006334890220314264,0.0035276332249244056,5.6424036,5.2983484,11.848145,14.130801,21.232508,9.854332,4.004242,2.9601533,10.2617655,12.3231535,12.923766,8.75205
30,0.006797082349658012,0.0030480449398358664,5.797369,5.100695,12.261279,16.08154,20.324017,11.254848,3.5788581,2.6332526,9.08713,11.680693,12.916495,7.921319
31,0.0055091483891010285,0.002914315710465113,5.249875,4.8531275,10.006683,14.697916,17.754414,8.567444,3.4983041,2.4924674,8.802223,12.057682,13.150623,7.949113
32,0.005999879110604524,0.0030423334489266076,5.563042,5.213497,11.173885,13.930597,15.135694,8.509226,3.653317,2.9404013,8.656389,12.688107,12.7335205,7.4300056
33,0.005831149686127901,0.0036748101313908896,5.4350104,5.0306897,11.023859,13.487529,16.964037,8.780525,4.0218434,3.0117497,10.992629,12.068748,14.034092,10.136418
34,0.005707242451608181,0.0028433334082365036,5.3636684,4.924497,11.309344,14.115813,18.129498,8.775014,3.5151362,2.7333097,9.172297,12.128184,13.509595,7.699413
35,0.004885832387953997,0.002898136153817177,4.9633365,4.695526,9.976757,13.651802,16.989735,7.500495,3.505023,2.5247412,9.218074,11.796309,13.33656,7.9723945
36,0.004887003898620606,0.003278834745287895,4.9633217,4.462385,10.033961,12.435911,15.075017,7.6060505,3.726152,2.8124363,10.6985855,12.705947,13.403315,9.524733
37,0.004628409594297409,0.0028297112633784613,4.813444,4.417033,9.80921,13.03393,13.9862,7.2436857,3.397749,2.6417966,8.078554,11.701298,13.373051,7.556036
38,0.005145755577832461,0.0028656565894683204,5.0995,4.707775,10.561777,12.287938,14.954742,7.727174,3.3642163,2.3700044,8.60522,13.075835,13.4922905,8.2341175
39,0.004952635765075684,0.0032115112990140915,5.03861,4.614691,9.608169,11.83425,15.98499,7.230558,3.757698,2.9890754,9.231536,12.0717945,12.204145,8.044716
40,0.005038372315466404,0.002956890811522802,5.022072,4.593802,10.801731,13.1830435,17.68236,7.9362936,3.4825766,2.4140368,10.04389,11.943303,12.087849,8.231146
41,0.004472373658791185,0.0029948422064383826,4.8072147,4.642917,9.407053,11.429376,13.459713,6.3705235,3.6754227,2.850379,9.979469,12.643265,13.600198,7.5674157
42,0.004646423133090138,0.002938271810611089,4.852062,4.3895884,10.1292925,11.868856,12.654369,7.095745,3.3379345,2.2844763,9.636669,11.720055,13.996045,8.649704
43,0.004640655368566513,0.002506360411643982,4.8004346,4.3718834,9.600302,12.905581,22.25374,7.5182366,3.1067257,2.165162,8.142974,12.029203,13.170813,7.549709
44,0.004875687602907419,0.0026734676212072372,4.96798,4.523116,9.840094,13.982188,16.972265,7.406924,3.245756,2.181058,8.159834,11.903872,11.956781,7.64979
45,0.004101694822311402,0.0028675763557354608,4.497711,4.128724,9.563363,12.02614,13.690499,6.7298083,3.462935,2.9905667,8.832111,12.244147,12.435904,7.5617757
46,0.004104704502969981,0.0024534414211908975,4.524994,4.169881,8.992159,11.53876,18.645487,6.501471,3.0237308,2.0427084,7.719941,11.662423,12.447126,7.081292
47,0.004124023141339421,0.0029528879870971045,4.6226363,4.1126604,8.851209,11.411193,13.386805,5.8328614,3.2859447,2.2375083,10.567178,12.435595,13.371041,8.999907
48,0.004231930673122406,0.003030046820640564,4.5851703,4.284686,9.275512,11.697044,19.909058,6.7659545,3.3396094,2.3478742,10.5364485,11.960955,13.052258,8.64895
49,0.003683775961399078,0.0027507375925779343,4.385057,4.1262565,8.275837,11.153021,12.795827,4.950839,3.2740443,2.4158826,9.186095,11.763631,12.090458,7.4509635
50,0.004320583660155535,0.0028597675263881683,4.6097827,4.166686,9.308602,12.815994,16.918646,7.1260777,3.3750541,2.2762547,7.9823837,11.762666,13.078287,7.3058734
51,0.0036836208030581476,0.00265496534605821,4.326871,3.9636824,8.536686,10.510932,12.331759,5.468379,3.2621162,2.3073063,6.5167665,12.060787,12.287965,6.7701626
52,0.004349317383021117,0.00295234906176726,4.6733546,4.2676477,9.473391,12.123212,15.387556,6.7802563,3.307404,2.5682182,8.572063,11.895595,13.42516,7.761511
53,0.004006330501288176,0.0026402932902177176,4.534005,4.2776403,8.855106,11.092837,15.49563,5.7995315,3.3041523,2.6002293,7.662168,11.974121,12.298054,7.0153756
54,0.003641226477921009,0.002786383032798767,4.281157,3.8716102,8.945222,10.895278,12.350214,5.619153,3.2625337,2.1417058,8.968029,12.175691,12.926316,7.852249
55,0.0037377365678548814,0.002838547651966413,4.348873,3.77429,8.657601,11.140492,15.821523,5.7037096,3.4575458,2.8106833,8.246403,12.147722,13.153175,6.750289
56,0.003964801523834467,0.0030607134103775024,4.5065384,4.255791,8.724441,11.328585,16.033606,5.7248616,3.3418913,2.2675657,11.56252,12.379493,12.511685,9.91849
57,0.003690626244060695,0.002902260050177574,4.329134,3.9235601,8.641482,11.55803,13.115196,5.610664,3.5299969,2.7935815,9.114276,12.843622,13.233541,7.489501
58,0.003431721767410636,0.002701554447412491,4.2529325,4.1402817,7.9080353,10.143183,10.98686,4.495025,3.3411262,2.628405,8.07016,11.928478,14.096274,7.0637717
59,0.003961344659328461,0.002671377112468084,4.4507585,4.2164,9.231234,10.947071,14.584639,6.227735,3.213639,2.6684613,8.670562,13.227685,13.938247,7.7750726
60,0.003073173426091671,0.0028124538560708365,3.8999667,3.6269302,7.866974,10.175238,13.282577,5.007386,3.4105473,2.652151,8.158541,12.870975,13.87923,7.146017
61,0.0034461588598787784,0.0025323660423358283,4.1289277,3.6750898,8.699948,11.742978,12.974759,5.559003,3.0219607,2.0787172,9.264776,12.271473,13.53924,7.777016
62,0.0033053892850875856,0.0027539152652025223,4.056945,3.752959,8.303557,10.408734,14.366921,5.3334894,3.267371,2.258193,8.289085,11.8954735,12.827861,7.758372
63,0.0035303061548620463,0.0027365063627560935,4.167726,3.647924,9.122442,11.139066,12.313212,5.8253865,3.2466583,2.412397,7.7624207,12.439196,13.0819845,7.703394
64,0.0030712854024022816,0.0028384694208701453,3.9423146,3.69581,7.9680343,10.087694,14.777024,4.667093,3.264389,2.1632752,8.398434,12.737728,14.155717,7.808839
65,0.0028534334897994994,0.002728345493475596,3.801224,3.582389,7.5933304,9.966397,11.741785,4.3217936,3.1771839,1.9684434,8.571547,12.225437,14.179158,7.837752
66,0.00298627367708832,0.0029134160528580346,3.8617435,3.6242301,7.7005897,9.750757,15.301127,4.771727,3.4923909,2.350206,7.790535,12.223537,13.077986,6.9014034
67,0.0030778581742197273,0.0027219311644633612,3.8898256,3.5652406,8.050865,9.845195,20.427105,5.124424,3.2317352,2.100136,8.121366,12.263688,13.277032,7.658474
68,0.003178751990199089,0.003002385919292768,3.9989758,3.6524298,7.905587,10.078099,15.512239,4.8814254,3.3444316,2.4251773,11.577273,12.169683,12.704111,8.6987095
69,0.002874540165066719,0.002593930810689926,3.8076844,3.59205,7.431206,9.45701,12.254141,4.350254,3.108189,2.0704637,7.993565,12.411038,14.279594,8.043719
70,0.00289412728510797,0.002758637691537539,3.849279,3.5679307,7.471606,9.41263,11.37056,4.212678,3.2874546,2.6572614,9.760257,12.151199,12.600161,8.27166
71,0.002802693317644298,0.0025468263775110245,3.78638,3.5484512,7.3310165,9.032255,12.3536625,4.1297636,3.1147537,2.248301,8.438008,12.701906,12.716544,7.455016
72,0.0025963263865560293,0.0026262408743302026,3.6238518,3.3885336,7.518954,8.833753,10.929496,3.9329484,3.2344902,2.2551923,7.630021,11.650697,14.560817,7.076666
73,0.0026790297497063876,0.002586944028735161,3.6211703,3.3214834,7.5956955,10.679225,14.132391,4.4782686,3.124058,2.4058905,7.6680017,11.924684,14.1923275,7.48379
74,0.0028779644845053553,0.0026450796673695245,3.7815464,3.475812,7.7118874,10.622856,12.517737,4.6841984,3.2388172,2.9008565,8.178312,12.397496,13.327245,7.1383877
75,0.002687592590227723,0.0027406743417183557,3.5995023,3.1560388,7.6488733,10.1168995,12.34373,4.736246,3.2772686,2.4288354,9.670591,12.084079,13.261602,7.8135295
76,0.002369172442704439,0.0023032880077759423,3.4521472,3.354563,7.5057635,8.303036,11.21533,3.622598,2.923731,2.1061609,7.2930164,12.013434,13.533753,6.6272445
77,0.0028100053872913123,0.002281965066989263,3.7337272,3.3730714,7.4206734,10.32507,17.21665,4.5286183,2.9484448,2.1111789,7.331301,11.759985,14.217781,6.9982677
78,0.0025438243290409447,0.00233519139389197,3.5584533,3.3203633,7.0261855,9.73578,14.011782,4.130009,3.007098,2.09197,6.6951537,11.843456,12.459605,6.704624
79,0.002473500035703182,0.002428897346059481,3.509242,3.364121,7.3050413,9.181494,14.215542,3.8858397,3.1869893,2.4024646,6.9377565,12.401705,13.428852,6.7747355
80,0.002567779356613755,0.00247462031741937,3.5989537,3.3615594,7.0286856,10.197622,11.135191,3.926561,3.0400681,2.0610409,7.7682433,12.596312,13.45581,7.83346
81,0.0028954842872917653,0.0023836766680081687,3.8002794,3.4319365,7.9551477,9.480371,10.739128,4.5214734,3.003558,1.8878183,8.729291,12.291181,12.779333,7.7403703
82,0.0025145198591053487,0.0023188150177399316,3.5648959,3.4116817,7.129682,9.526881,12.510109,3.8106947,3.0872662,2.2408156,8.433271,11.87066,12.668828,6.74802
83,0.0021644552052021027,0.0023207180202007294,3.3084056,2.9930363,7.0154595,7.7736516,11.958958,3.3250544,2.941562,1.9482296,8.283059,11.683785,13.044619,7.5357485
84,0.0024456374533474447,0.0024433707197507224,3.4770286,3.175703,7.0520377,8.994623,10.494076,3.9882019,2.940664,1.4441304,8.740706,11.56146,13.106796,7.8667336
85,0.0024116225447505715,0.0023397660503784814,3.446459,2.9371831,7.3222485,9.232099,10.305113,3.9473789,2.9955552,2.1014092,7.86957,12.374683,13.713612,7.097065
86,0.0022371417563408613,0.002354966476559639,3.329855,3.0299587,6.980094,8.996834,13.982923,3.6293838,2.90336,1.8537912,7.6356106,12.5655575,13.76025,7.533023
87,0.0023666058387607335,0.0025849814216295877,3.430399,3.1388717,6.8592734,9.978085,12.066728,3.8288765,3.1407104,2.3585181,7.924107,12.460621,13.9227,7.5621924
88,0.0023664020746946334,0.0022837072610855103,3.4227743,3.1328788,6.9134855,9.687061,11.744806,3.8475106,2.8464394,1.8308944,7.174755,12.329267,13.692822,7.4852185
89,0.0021847692038863896,0.0024590895821650824,3.3686886,3.1090426,6.549234,7.818865,10.027425,3.0093603,3.0034504,1.9110193,9.308797,12.179736,13.242622,8.006124
90,0.002118658102117479,0.0023287969330946603,3.2095802,2.8162634,6.8272414,8.354464,10.673427,3.666781,2.9067547,1.8017458,7.9669247,12.166159,14.205525,7.5813713
91,0.0025291336607187985,0.0023791566491127014,3.5094156,3.077271,7.23816,9.82674,11.941408,4.3199453,3.061909,2.0262213,8.025015,12.525889,13.539094,7.293087
92,0.002110429676249623,0.002240325634678205,3.228334,2.8386252,6.7554045,8.207131,12.802363,3.4386392,2.8117473,1.8216345,8.333068,12.066988,13.183172,7.4696846
93,0.002240352872759104,0.0023123243202765784,3.3640752,3.1578372,6.582358,8.381453,11.71926,3.4365108,2.9831545,1.9234986,7.7781415,12.218989,12.580687,7.1931973
94,0.0016951731219887734,0.0021003919343153634,2.9678633,2.7827704,5.947096,6.95773,7.7002335,2.3360848,2.7257702,1.8450538,7.5056953,12.036718,12.41187,7.018323
95,0.002238505622372031,0.0022775555650393167,3.3033147,3.0180473,6.928196,8.499623,14.085445,3.8507004,2.8922834,2.0863633,7.197514,12.095521,12.159818,6.8218427
96,0.0020488656032830476,0.002239534010489782,3.1394763,2.787339,7.13776,8.806359,10.617431,3.6083488,2.8100102,1.5801625,7.55976,12.556298,12.740336,7.4245963
97,0.0019971365574747322,0.0023235672463973365,3.1115022,2.7831926,6.692721,7.954871,9.742634,3.486494,2.9129977,1.9678758,8.107904,11.349259,13.666903,7.1568413
98,0.0019412555731832982,0.0022744288047154746,3.0937302,2.779533,6.714639,8.86885,10.151292,3.1768434,2.8468378,1.9869131,7.8699074,11.733266,13.3447895,7.107311
99,0.002190487198531628,0.002443427840868632,3.209321,2.811463,6.8522053,8.263781,16.41344,4.0677657,2.9558728,1.7883649,8.931244,12.287434,13.575952,7.7286763
100,0.0019567546620965002,0.002840392912427584,3.1268258,2.8189728,6.352311,7.959269,9.612882,3.0932596,3.407043,2.4614592,8.638852,11.419328,14.572916,7.6520205
101,0.0022608216386288404,0.002281737824281057,3.348219,3.0316381,7.0812716,8.540856,11.376447,3.6296132,2.8628464,1.842179,7.5510635,12.1094885,13.456588,7.1957703
102,0.0019907171186059713,0.002330205092827479,3.1710346,2.9350495,6.4195733,7.9767857,9.663224,2.9931915,2.9419541,1.8252969,7.768436,12.77799,13.177451,7.5693946
103,0.0020631569530814887,0.002354048192501068,3.1139066,2.7853017,6.9084916,9.248722,12.05586,3.8254519,2.8922894,1.9184494,8.958922,12.7315,12.769232,7.9276195
104,0.0019617837574332953,0.002410017574826876,3.0950408,2.8116024,6.357794,8.931608,11.18192,3.3335907,2.8663402,1.6662997,9.278578,11.819612,14.385008,8.5624895
105,0.0019496816210448741,0.002324827636281649,3.074642,2.7159884,6.4872565,9.071638,9.705916,3.2914777,2.8741903,1.8489156,8.279131,12.560764,14.72071,7.8733115
106,0.0016569410543888807,0.0023121566822131476,2.8817022,2.6635187,5.934812,7.0375786,9.993358,2.5444922,2.8281827,1.8746003,7.736261,12.354813,14.928477,7.4312367
107,0.001811627708375454,0.002377546081940333,2.988259,2.7120938,6.001308,8.171089,10.28765,2.8581748,2.9869928,1.9610256,8.759313,12.254328,14.553358,7.408445
108,0.0019490947760641576,0.0022969208657741547,3.0881867,2.8250768,6.495038,7.6132565,12.531501,3.2571063,2.916667,2.1185944,8.694555,12.867767,14.10512,7.292515
109,0.0020105121843516827,0.0022141082833210626,3.1130278,2.8464758,6.7530494,8.857956,10.074896,3.3810697,2.931039,2.1259482,8.140566,12.0454,15.135705,6.735178
110,0.0017337902029976248,0.002386445179581642,2.9549208,2.7215323,6.1116085,7.420464,8.409406,2.6675773,2.9003386,1.7051313,8.295969,11.708108,15.691962,7.7004075
111,0.002017099251970649,0.0022667410473028817,3.1007607,2.8200142,6.5884256,9.031575,13.3103,3.6598165,2.9220707,2.2688427,7.714613,12.46304,13.644236,6.9009995
112,0.001863061673939228,0.0021746202061573663,3.0366085,2.8420024,6.058344,8.032526,10.087129,2.950723,2.72688,1.7407222,7.92978,12.285051,14.876328,7.20602
113,0.0017336782161146403,0.0021583990504344306,2.9362876,2.6009052,6.0284038,7.3011827,9.188166,2.792646,2.8190563,1.9045382,7.56028,12.470862,13.379516,7.096555
114,0.0017174142273142935,0.002565694972872734,2.9596753,2.7403831,5.978363,7.4399385,9.112336,2.5366485,3.1941273,2.0109003,8.186433,11.67024,14.582291,7.263798
115,0.0017186957597732544,0.0023472104221582413,2.915266,2.5764823,5.9740114,7.817939,10.243153,2.8042903,2.9858725,2.0776052,7.6685777,11.61878,14.640166,6.741386
116,0.0015190284559503198,0.002477378894885381,2.7120616,2.4648187,5.745554,7.682,11.032031,2.6144116,2.9752216,1.8009142,7.7803273,11.791649,13.919264,7.2620115
117,0.0017092209868133069,0.002432888373732567,2.8253706,2.430755,5.9091625,8.848154,12.396258,3.253075,2.914026,1.8483262,8.380716,12.361688,14.589601,7.6230736
118,0.001512124864384532,0.002479164550701777,2.6525688,2.3294415,5.8471603,8.488441,10.405655,2.8817928,2.9523964,2.162148,8.154656,13.555475,14.415233,7.9024673
119,0.0015090173156931995,0.002581961452960968,2.7022924,2.492693,5.7288003,7.4659986,8.494424,2.625385,3.0821528,2.095685,8.200447,12.542999,15.11885,7.904336
120,0.0017363634891808034,0.0024806372821331024,2.9255753,2.6759098,5.8296714,8.19622,8.66814,2.798043,2.9427798,2.0498095,7.4966874,12.3069515,15.79014,7.5344543
121,0.0014933822583407164,0.002391824498772621,2.696669,2.4667237,5.2682376,8.8677635,9.693512,2.5601935,2.864272,2.0000243,8.222722,12.136219,15.358675,7.6063037
122,0.0015798295941203834,0.002444641664624214,2.8161833,2.5395238,5.5343375,7.518001,9.658401,2.4145148,2.9449568,1.7440163,7.930658,12.243,14.973999,7.5529366
123,0.0015427732467651366,0.0022021587938070297,2.731531,2.4789925,5.7888904,7.923853,11.821817,2.5976033,2.83626,2.034466,8.182612,13.129647,14.551374,7.196841
124,0.0014466647803783417,0.0022804352144400277,2.6593206,2.5165284,5.594991,6.8593154,8.732663,2.4454944,2.8098066,1.7889962,8.219542,12.712421,15.662554,7.392226
125,0.001507740686647594,0.0022693276405334473,2.7165542,2.5190938,5.643308,7.459869,9.055035,2.5430853,2.8829372,2.0208473,7.6692343,12.83002,15.184482,7.14007
126,0.001652545128017664,0.0021640025079250336,2.8508623,2.542682,5.684971,8.053448,9.886403,2.7208679,2.8399363,2.0470548,7.412747,13.389394,13.881891,6.873649
127,0.001619756007567048,0.0022784359753131866,2.8297112,2.5993996,5.925015,8.188638,9.97567,2.6622958,2.8532174,1.994681,8.30969,12.825124,13.911795,7.505895
128,0.0013901302590966225,0.002353651449084282,2.6093025,2.400451,5.670924,7.3158183,9.492725,2.3282788,2.978242,2.1561136,7.9215636,12.52915,14.348219,7.11266
129,0.001538784597069025,0.002370661124587059,2.7205436,2.464898,5.6830926,8.1047325,8.6661005,2.683633,3.0642457,2.3153028,7.6840463,11.473829,14.809553,6.3547945
130,0.0014015728048980237,0.002402564510703087,2.575261,2.3746276,5.7223225,8.0116205,11.837492,2.5632946,3.1502213,2.5250301,8.286686,12.711212,13.8054905,6.535484
131,0.0012533245189115406,0.0023072691013415656,2.4452574,2.2030928,5.2198253,6.57488,9.271311,2.2627852,2.9809597,1.895788,7.6925526,11.645481,14.980964,6.7155275
132,0.0015439611347392202,0.0021578085919221244,2.6820903,2.4678345,5.8093963,9.123473,12.691449,2.9534526,2.8310587,1.9440416,7.860323,11.905358,14.59967,6.5762024
133,0.0014260661602020263,0.0021260318656762442,2.6819792,2.4428034,5.3055544,7.2734766,9.157917,2.1734092,2.7097175,1.6016395,7.933387,12.170105,14.312081,6.9447775
134,0.0012978031113743782,0.002163366104165713,2.4850934,2.2838764,5.273831,7.1387434,14.577108,2.3400333,2.7816691,1.6683948,8.219227,11.538903,14.852952,7.299819
135,0.0013243829784914851,0.002226062739888827,2.5295188,2.2421029,5.1477513,6.3293076,11.2728815,2.2963886,2.7660356,1.7913806,7.463015,12.571199,15.425787,7.4766207
136,0.0013587066670879722,0.0022612071285645166,2.5850933,2.2993355,5.5767527,7.0208774,8.354892,2.2598145,2.8431253,1.7140815,8.772613,11.58744,15.070459,7.6316
137,0.0012095678667537867,0.002222631126642227,2.4018362,2.0478442,5.1732297,7.1285143,9.082789,2.1930416,2.7957916,1.7099144,8.359213,11.899631,14.447189,7.313048
138,0.0013363816123455764,0.0022224498291810355,2.4958992,2.2226393,5.7288275,7.044061,9.884811,2.5110865,2.934122,1.9155568,7.9317694,12.803727,14.533202,7.0364337
139,0.0012073063850402833,0.002099091187119484,2.4185796,2.1314807,4.9085937,6.522524,9.454548,2.0739021,2.6801493,1.5387397,7.8891234,12.435534,15.192511,7.4102435
140,0.001393388614524156,0.002157858262459437,2.6321201,2.460845,5.146821,7.0135503,9.422101,2.2492537,2.7814422,1.6751962,7.899788,12.074083,15.82235,7.371009
141,0.0012355407513678074,0.0025012039889891944,2.4598763,2.1966872,5.098789,7.0234504,8.573521,2.0803316,3.0948584,2.2546782,8.210266,12.147164,15.74604,7.659446
142,0.0010939050745218991,0.0021916708598534265,2.357835,2.259927,4.6329045,6.0363207,8.6352215,1.6295308,2.7957432,1.7918968,7.9189234,12.477755,15.417374,7.075244
143,0.0012231097440235316,0.0023028478026390076,2.396633,2.1219099,5.2464437,7.570611,11.008593,2.3115935,2.8190603,1.8012612,8.153268,11.774275,16.091862,7.6753316
144,0.0012059204513207079,0.0021993195017178855,2.4451885,2.2686572,5.1351695,6.774207,7.3210764,1.9298041,2.8799915,2.1062007,9.130313,12.336947,14.956794,7.233365
145,0.001043299324810505,0.0020997989922761917,2.2310374,1.9797168,4.7907867,6.457285,7.947273,1.821132,2.7298388,1.7260661,7.61571,12.114294,14.517803,7.288169
146,0.001162427756935358,0.0021398154397805533,2.395041,2.1211717,4.8111825,6.8339715,8.307186,1.8913405,2.812096,1.8524613,8.11444,12.3797035,15.003683,7.0567145
147,0.001194835202768445,0.0024043197433153787,2.4183333,2.1484916,5.2077646,6.4804764,8.326216,2.0167503,2.877721,1.8310962,7.837872,10.868252,16.478027,7.6335697
148,0.0011169159412384034,0.00221454290052255,2.2761953,1.9909545,4.8704376,6.220797,10.8411,2.1491637,2.781914,1.7981129,8.217065,10.879743,14.708032,6.890519
149,0.0011688099475577474,0.0021407343447208405,2.3111491,1.9894794,5.3830047,7.2959366,11.07295,2.3640902,2.7056046,1.6030257,7.832465,11.509518,14.8596,7.2620144
150,0.001041472463402897,0.0021869204938411713,2.2354755,1.93856,4.8742,6.485584,7.300304,1.8568164,2.7693849,1.8652561,8.745519,12.022813,14.740118,6.9765015
151,0.001154447072185576,0.0022926200181245804,2.34589,2.089097,5.2604775,6.383446,7.8160505,2.1024592,2.8550365,1.8904395,7.727738,12.456337,15.27696,7.345716
152,0.0009332461084704846,0.002336779609322548,2.1823378,2.0161564,4.402238,5.7789426,6.7062173,1.3910879,2.87021,1.9346792,8.075159,12.054096,15.526893,7.381156
153,0.0011398880649358034,0.0022441850354274115,2.3511503,2.111925,5.2204227,6.710574,7.6847477,1.9482591,2.7409718,1.6025033,7.2849984,12.4294,14.521058,7.767733
154,0.0011874172906391322,0.002136971801519394,2.384774,2.1458483,4.996399,7.0772247,9.336246,2.1396239,2.728976,1.7700648,8.774857,12.092766,13.880596,7.1938896
155,0.0013903319952078164,0.002455302824576696,2.5629406,2.1864169,5.8034406,7.9732904,9.389042,2.5936375,3.030286,2.0560544,8.598072,11.98994,14.919965,7.8338113
156,0.0009675909858196974,0.0023364474376042685,2.1456444,1.8901017,4.4544244,6.629471,8.912794,1.7005004,2.9848976,2.243381,8.302462,11.74607,15.481641,7.2581244
157,0.0010379214258864522,0.0023411388198534646,2.236077,1.9713953,4.7481537,6.4909234,7.4271894,1.8199883,2.9863772,2.2754936,8.319108,12.682994,14.432932,7.180269
158,0.0010498020169325173,0.002356903627514839,2.284318,2.1344168,4.910136,6.043271,6.4333086,1.689259,2.8900006,1.8830421,8.693107,12.380759,14.819504,8.144259
159,0.0010324641375336796,0.00216477798918883,2.2002623,1.9755604,5.017647,6.47851,7.097713,1.9713942,2.7166054,1.6652453,8.3473,12.1825695,14.449161,7.554643
160,0.0010835300385951996,0.0022225951155026755,2.3020332,2.067911,4.8389997,6.7930465,8.56864,1.8204447,2.8093917,1.638136,8.138562,12.427599,14.726972,7.7308073
161,0.0010878219781443477,0.0026654923955599466,2.3306468,2.1343253,4.512615,6.5277314,9.539575,1.6931212,3.2548022,2.5967588,9.135699,12.410515,15.7897,7.737336
162,0.0009948914335109293,0.00215986060599486,2.1985114,2.019551,4.5649085,6.1492786,7.717368,1.7148739,2.7452044,1.9239069,8.818,12.230664,15.642441,7.5657434
163,0.000932435030117631,0.002377929165959358,2.108845,1.8993976,4.640078,5.524015,6.218706,1.657141,2.8207011,1.7706017,8.842089,12.04049,16.031898,7.7905374
164,0.001087061488069594,0.00228964164853096,2.3014448,2.1006818,4.972748,6.111363,7.4942045,1.8424518,2.7586024,1.6682115,8.44601,12.215199,16.683338,8.074201
165,0.0010415258584544063,0.0022856599340836206,2.2230492,1.9534442,4.6249266,5.980686,10.6968,1.8916594,2.9702992,2.1997132,8.425433,12.033005,15.496322,6.939048
166,0.0008525181398726999,0.002219210689266523,2.05064,1.8719985,4.09205,5.415774,7.3709955,1.3999604,2.776348,1.944049,8.386442,11.389729,15.519184,7.514514
167,0.000914592135231942,0.0021462757140398026,2.0826573,1.8168231,4.4492135,5.7561173,8.719517,1.688458,2.773608,1.7758734,8.045901,12.282453,15.185823,7.1401463
168,0.0009696319932118059,0.0021407312403122583,2.101411,1.759252,4.9818,6.750795,7.722529,1.9457848,2.728063,1.711373,7.884857,12.130125,15.417106,7.172112
169,0.0010671337647363544,0.002396466831366221,2.1980507,1.8639314,4.9273896,7.3844514,9.901984,2.1874595,3.0066018,2.386096,8.526037,12.650137,14.701587,7.3837767
170,0.001167940681334585,0.0021227262914180756,2.3738954,2.1391797,4.8398914,7.179728,10.001777,2.0517464,2.7039769,1.6659153,8.256848,11.762872,15.761712,7.289077
171,0.0012282141484320163,0.0020917740960915885,2.275713,1.954045,5.0537868,9.362252,12.755272,2.8856032,2.7061336,1.6391183,7.7217107,12.104343,15.332891,7.3884597
172,0.0009184012864716352,0.0022935097416241965,2.1071224,1.8635113,4.53234,5.542192,7.227377,1.5897889,2.9802265,2.0221674,8.288983,12.280442,13.457072,7.4304266
173,0.0009888359904289246,0.002062911167740822,2.1613088,1.9575474,4.441755,6.566484,8.701612,1.8213575,2.7073593,1.6366842,8.1056795,12.208189,14.105441,7.0429106
174,0.0008352117938920855,0.0021473082403341928,2.011428,1.8558291,4.4582562,5.2436314,5.670532,1.4424741,2.7314858,1.470572,8.138701,11.7228155,15.039511,7.377676
175,0.0008438442554324865,0.0021147473404804864,1.9785049,1.6675353,4.1713567,6.091062,7.594813,1.5978887,2.729578,1.6560848,8.295586,12.225157,14.757905,7.184114
176,0.000835195267572999,0.002271324396133423,2.034208,1.8219862,4.0596113,5.598368,6.9650297,1.3387579,2.8055427,1.698658,8.080734,11.595195,14.38663,7.7226524
177,0.0008444480272009969,0.002231531466046969,2.0200732,1.8333367,4.2479568,5.432916,6.3493724,1.4589248,2.8454616,1.7979602,8.325712,12.288912,13.493622,7.590397
178,0.0008094997704029083,0.0021426298966010413,1.9761256,1.7279371,4.2939353,5.08518,6.664032,1.4175085,2.7161999,1.5770034,8.051315,12.245659,14.256952,7.595353
179,0.0009142637159675359,0.00213686873515447,2.078747,1.7783926,4.6338544,5.967489,7.761822,1.6759526,2.7511187,1.8280334,7.9501195,11.97114,15.600995,7.3478365
180,0.0008185353432781994,0.0021613724529743195,1.984379,1.716232,4.321378,5.5158005,6.0045934,1.4433072,2.681431,1.6310073,7.9782786,12.09194,16.250484,7.603951
181,0.0009478475386276842,0.0022123983750740686,2.1354153,1.9353267,4.534915,6.0083513,7.0571346,1.6552099,2.7604268,1.9061079,8.875827,12.201249,15.308748,7.6819177
182,0.0009199990471825003,0.002636099855105082,2.08142,1.8835671,4.4006486,6.307463,11.836245,1.698366,3.3145864,2.4341187,8.759587,12.762446,14.692245,7.759136
183,0.0008829956920817495,0.002140390376249949,2.0827587,1.9741731,4.334345,5.488015,6.7058663,1.4488192,2.7079139,1.6604054,7.8740625,12.290259,14.904345,7.5604954
184,0.0007621993240900338,0.002220854163169861,1.9211586,1.6687084,4.064695,5.3478756,7.306536,1.3097136,2.73811,1.6289527,7.9681497,12.415845,15.808489,7.823765
185,0.0008256953861564398,0.002149699255824089,1.969259,1.6190665,4.199247,5.648797,9.536072,1.5455823,2.7161803,1.6851342,7.6744885,11.900299,16.061352,7.592783
186,0.000787469653878361,0.00212057555715243,1.9054167,1.6199124,4.1881,6.2389107,8.2404995,1.561171,2.6687913,1.6335808,7.888665,12.070751,15.123105,7.251961
187,0.000854293522424996,0.002196837837497393,1.9731061,1.6698807,4.7322636,6.399199,7.4945188,1.7198917,2.6836956,1.4132895,8.356572,11.625178,14.840665,7.638304
188,0.0008392140618525446,0.0020344884445269904,1.9705478,1.7189665,4.562901,5.650818,7.930781,1.6479613,2.5907621,1.5141425,8.828804,11.789164,14.995516,7.4317365
189,0.0008430248172953725,0.002077061062057813,2.0057786,1.7397884,4.418874,5.769171,6.241584,1.508864,2.6438215,1.5784565,9.130726,12.026849,14.460283,7.4487524
190,0.0007318217144347727,0.0020720561345418296,1.8926605,1.7100633,4.1021256,4.8969464,6.3266654,1.2250602,2.620545,1.5195146,8.324055,12.475131,14.9454365,7.4483395
191,0.0007870287634432315,0.002067826067407926,1.9214318,1.7271441,4.1418986,5.623962,6.635898,1.4420516,2.7195208,1.8344328,7.7107,12.418907,14.773623,6.818932
192,0.0006930486648343504,0.002264960358540217,1.8178822,1.6040086,3.809158,5.225701,6.392429,1.24592,2.7799296,1.7483112,7.7636046,12.118262,16.579077,7.628985
193,0.000674255273770541,0.002068455641468366,1.7701069,1.5164609,3.872134,5.5989614,7.365536,1.2921685,2.6590283,1.5892376,7.3939548,12.398005,15.373057,7.3290243
194,0.0007753410493023694,0.0021552021304766336,1.9373263,1.7850927,4.1309395,5.3473086,6.8482223,1.3531426,2.7039146,1.521458,8.372791,12.305689,15.267224,7.732913
195,0.0006788092385977507,0.0020488742738962173,1.7697188,1.4496942,4.0994906,5.604379,6.3634076,1.3108728,2.675589,1.5032014,8.0274935,12.240677,14.074818,7.154351
196,0.0007723187049850822,0.0022183277954657874,1.8473343,1.5771875,4.251089,5.933892,9.841588,1.6457922,2.8405151,1.7337395,8.343292,12.06626,14.530658,7.3305945
197,0.0006751957209780812,0.002213216076294581,1.7696459,1.5459832,3.9236574,5.7865934,8.263437,1.2973197,2.7546732,1.7233796,8.317082,12.678383,14.174709,7.7045174
198,0.0007795774727128446,0.0021580333511034646,1.8975033,1.660361,4.407201,5.763338,6.6697683,1.5157444,2.755981,1.674604,8.333102,12.000838,14.828259,7.457391
199,0.0007583270641043782,0.002266388386487961,1.9392474,1.7716672,4.2507405,5.1346636,6.0035486,1.2303672,2.823437,1.7437758,8.470423,12.187768,13.944796,7.477302
200,0.0006616372452117503,0.0021048026780287423,1.7643299,1.5423081,3.852607,5.7811813,7.1800985,1.2388389,2.716907,1.6065979,8.451086,12.6648855,14.309153,7.3069677
201,0.0006673794658854604,0.0021506610016028085,1.7981166,1.5860959,3.818717,4.6837068,6.258304,1.1376258,2.6735082,1.4983643,8.135021,12.673963,14.370747,7.80221
202,0.0007173773879185319,0.0022590396304925284,1.8478066,1.5515429,3.965638,5.5845227,7.538691,1.3038353,2.8291957,1.8829684,8.161181,11.474025,16.002392,7.4750586
203,0.0007239046599715948,0.002142262334624926,1.8078506,1.5227711,4.3679996,6.123366,7.2712736,1.4871805,2.7586205,1.6436775,8.17428,12.073883,14.422955,7.1118803
204,0.0006656652467790991,0.0021031772096951804,1.7425907,1.5775596,4.0274076,5.458196,9.357463,1.3476354,2.688506,1.6742634,8.159065,11.86331,15.299793,7.6104403
205,0.0006219685100950301,0.0021258207658926644,1.7302092,1.5621018,3.6526303,4.8619843,8.4588375,1.0808094,2.7324562,1.7166591,8.499944,11.699738,15.436992,7.447089
206,0.000816497472114861,0.002140828718741735,2.0185962,1.8458899,4.2117157,5.0533667,6.65779,1.2998476,2.6632454,1.5052681,8.383713,12.349996,15.936417,8.003531
207,0.0006717171822674573,0.0021182515968879065,1.7696272,1.5037613,3.9588954,5.7898426,6.798177,1.2742985,2.7416294,1.7016692,8.154038,11.926641,15.253495,7.2684393
208,0.0007173028937540949,0.0022307013471921286,1.8480409,1.607908,4.0837436,5.4654427,5.9507475,1.3112482,2.782704,1.6358302,8.560845,11.247562,15.418981,7.5455422
209,0.0006902145547792315,0.002245242396990458,1.7954326,1.5136193,3.825848,4.9327273,6.415973,1.3104146,2.910158,2.069364,8.268853,12.238971,14.205901,7.2153625
210,0.0006312590045854449,0.002197468653321266,1.7173716,1.4776374,3.7241292,5.4328814,6.978703,1.2101523,2.736245,1.5252185,7.995577,12.114439,14.776555,7.434469
211,0.0007503362349234521,0.002177449564139048,1.8726971,1.5764428,4.1073127,5.6943,8.219458,1.4259442,2.7290356,1.5268948,7.880278,11.825012,14.409031,7.295087
212,0.000741542853647843,0.0021392138053973517,1.8769368,1.7150913,3.88043,5.272902,9.414714,1.3608335,2.6994166,1.7026641,7.807191,11.818114,14.982523,7.2680926
213,0.0006660397467203439,0.002121179054180781,1.7810479,1.5594689,3.7474804,4.9641523,7.9507794,1.2127857,2.7180424,1.6529155,8.172871,11.888081,15.208491,7.203344
214,0.000586262185825035,0.002057913069923719,1.648198,1.3995568,3.5065846,5.6011167,8.727781,1.1410311,2.7109547,1.738209,7.5733414,11.667394,14.585602,6.818952
215,0.0005937065184116364,0.002090911070505778,1.666067,1.4796226,3.4963067,5.569667,6.699605,1.1230367,2.678674,1.7944207,8.27271,11.8434305,14.3619795,7.14649
216,0.000600266526453197,0.002322368323802948,1.6650654,1.4695365,3.5304732,5.314032,8.348238,1.1484675,2.892549,1.9899329,8.718778,11.424994,16.083591,7.5280123
217,0.0007721154158934951,0.002239720275004705,1.8466915,1.6036426,3.9224176,6.083901,11.976185,1.6391882,2.8543904,2.047175,8.874927,11.533299,16.383053,7.4734526
218,0.0006172041269019246,0.0019927453249692917,1.7125807,1.5438299,3.7876804,4.9380364,5.6671095,1.1218408,2.62644,1.5817707,7.7103047,12.701931,14.844957,7.0767794
219,0.0005859113321639597,0.002220211550593376,1.6765482,1.5234135,3.5504656,5.102552,6.5877304,1.0356585,2.8050282,1.6833549,8.670052,11.9594145,15.098687,7.5244627
220,0.000531908159609884,0.0020420954873164496,1.594508,1.3926885,3.382657,4.7159934,6.49362,0.96013635,2.641099,1.790489,7.9475393,12.119496,14.874268,7.3685856
221,0.0006194230355322361,0.002088418851296107,1.6872475,1.458442,3.920525,4.8987403,7.0647745,1.2079412,2.6641834,1.706738,8.667341,12.374436,15.14308,7.576093
222,0.0005058181518688798,0.002090862641731898,1.540159,1.3385217,3.3273635,4.3789573,6.54832,0.9470412,2.7559593,1.6344947,8.120789,12.789675,14.527472,7.001273
223,0.0005743394466117025,0.002049750337998072,1.6504831,1.4652691,3.370924,5.225287,7.5476403,1.049458,2.7116313,1.8020568,7.5889645,12.267346,14.794208,6.8726707
224,0.000609780759550631,0.0021713158736626306,1.6806586,1.4733934,3.8439314,5.3641734,6.23511,1.1550229,2.757184,1.7814455,8.479843,11.669524,14.389159,7.2066793
225,0.0005690481583587825,0.002033062900106112,1.6062255,1.3550857,3.608769,5.190499,6.7222824,1.1467042,2.635659,1.3344173,8.484339,11.537053,14.523278,7.090826
226,0.0006817654927726835,0.0020041229824225106,1.745203,1.4628632,3.934605,5.888793,6.797773,1.4453012,2.6287086,1.7815492,8.286231,11.768043,13.820552,6.8937626
227,0.0005962509964592754,0.0020531813303629556,1.6412737,1.4262873,3.8158815,5.230214,6.5252204,1.2108002,2.6692548,1.5746756,7.550235,12.06482,14.724043,6.5895205
228,0.0006157736270688474,0.0021107904613018036,1.7192106,1.5074006,3.6750255,4.7920084,6.36273,1.07978,2.7593677,1.9493965,7.85832,11.238767,16.060215,6.9664893
229,0.0005244648805819451,0.0020574014633893967,1.5997614,1.4310813,3.4046264,4.352514,5.162928,0.87371904,2.6849623,1.7460951,8.187585,11.728108,14.274761,6.853568
230,0.0005662773665972054,0.001977690805991491,1.6705775,1.4788288,3.6188235,4.4423795,5.0374613,0.9371874,2.6271312,1.8353817,8.322544,11.400557,14.867588,6.9952173
231,0.0005848318245261908,0.0020287328710158667,1.6602601,1.500374,3.7655272,4.8930817,5.332081,1.0712433,2.6368563,1.5673646,7.9537745,11.560189,14.724164,7.4815545
232,0.0005400878190994263,0.0022388423482577005,1.6246747,1.4902971,3.4324262,4.474841,5.5241413,0.9052566,2.7726588,1.800663,9.179521,12.602454,14.711448,7.9144745
233,0.0005344771768432111,0.0020314715802669525,1.596376,1.3832421,3.4883173,4.44421,5.3599744,0.97393477,2.6055446,1.475513,8.163208,12.175231,15.283089,7.257237
234,0.0005427625786978751,0.0020978605995575586,1.6075172,1.383808,3.4011884,4.8913107,6.257082,0.9872505,2.7648983,1.9748876,8.152159,11.574467,14.737823,6.90377
235,0.0005643097381107509,0.002099250132838885,1.6153411,1.4353142,3.77154,5.129778,6.541279,1.0840781,2.6907156,1.4831159,8.343689,12.14046,14.682562,7.53353
236,0.0005795335536822677,0.0021318321426709494,1.6466265,1.4607213,3.720209,4.8466725,6.1446524,1.0597458,2.6989543,1.6173716,7.359988,10.851979,15.682615,7.2406683
237,0.0005965624749660492,0.0020456711451212564,1.6540734,1.4174792,4.0035434,5.1572857,6.028996,1.1757025,2.6991167,1.7225844,8.214208,11.2234955,14.891406,7.163702
238,0.0006047901976853609,0.002045425275961558,1.7132473,1.5107722,3.6576843,4.58934,6.6090693,1.0438896,2.6701787,1.784203,7.6568213,12.665244,15.279889,7.413514
239,0.0006032903387676924,0.002087686210870743,1.700924,1.4719316,3.8705301,5.0568833,5.379644,1.080323,2.7084732,1.7412562,8.132063,12.080164,14.672291,7.4335394
240,0.000521894155535847,0.002065469821294149,1.5768375,1.4075041,3.651336,4.4498653,5.4027615,0.9344856,2.7315361,1.7948923,7.454087,11.405662,15.980871,7.273926
241,0.000545567562803626,0.0019774101674556732,1.6102313,1.4279327,3.514718,4.4995046,6.344399,0.97567004,2.635776,1.5888268,7.356557,11.564996,16.03463,7.1690683
242,0.0007451960910111665,0.002297348032395045,1.7536296,1.4461802,3.9662392,6.6474075,10.73405,1.8277555,3.0068827,2.1138458,7.600438,11.996549,16.612568,7.2523627
243,0.0006592240021564066,0.002053116758664449,1.7270486,1.4043026,4.0052605,5.022516,8.441851,1.3468512,2.7077968,1.7238348,8.041033,11.659808,15.839298,7.3899746
244,0.0005586954962927848,0.0018414836376905441,1.6473063,1.4383104,3.5474358,4.5680943,5.755919,0.9624793,2.5080948,1.517213,7.2539353,11.379366,14.8647785,6.523947
245,0.0004810245567932725,0.0019587036222219467,1.4944463,1.3189342,3.2765558,4.4846478,5.39107,0.92202365,2.610414,1.4250314,7.6151605,11.728241,15.116795,6.775092
246,0.000579960944596678,0.002070684606830279,1.6218023,1.4302607,3.594645,4.916129,7.884361,1.1654636,2.6012104,1.5451474,8.210501,12.21521,14.981466,7.471064
247,0.0007191294897347689,0.002037597199281057,1.8329182,1.6226885,3.9546995,5.306646,7.541554,1.3666131,2.692014,1.8065591,7.9079676,13.087806,14.028726,6.8627567
248,0.0005337586090900004,0.0020391816894213357,1.5860789,1.4265617,3.5875003,4.6234426,5.936797,1.0039244,2.6462033,1.561054,7.9331326,12.436837,14.484826,7.3100505
249,0.0004921762994490564,0.0020610261708498,1.4902087,1.2927091,3.3302047,4.6952686,5.961148,1.00638,2.6439435,1.6573516,8.069733,12.359934,14.857574,7.332521
250,0.0004796102421823889,0.002002967521548271,1.4918853,1.2592766,3.5044398,4.6174054,5.5322948,0.93068635,2.5568652,1.3414257,7.8718133,11.872891,14.61998,7.2329545
251,0.0005173512035980821,0.0020234634478886924,1.5810829,1.4013731,3.4686058,4.4300046,5.9546986,0.9025548,2.6125271,1.6296015,8.27512,11.8974285,14.844892,7.430725
252,0.0004485727392602712,0.0021699021259943643,1.441686,1.2852702,3.1586294,4.4498835,6.577721,0.8683066,2.6791532,1.7573595,8.437595,12.116194,15.510785,7.859547
253,0.0005374135309830308,0.0022334568202495575,1.5236549,1.2558532,3.5051138,4.632934,11.924892,1.2247084,2.7888126,1.8428879,7.6535892,12.178766,14.844598,7.426002
254,0.0005014603072777391,0.002254679799079895,1.5359,1.3361806,3.2629104,4.2867155,6.850771,0.93424463,2.8378425,1.8171599,8.573401,12.152311,15.486451,7.9072366
255,0.000535632991231978,0.0020350863536198935,1.5729656,1.4305342,3.5568163,5.3290854,5.539481,1.0351875,2.6138468,1.5857177,8.358744,11.969864,15.302577,7.373992
256,0.0004819768667221069,0.0020872782915830612,1.5055658,1.325151,3.3025808,4.477168,4.8743143,0.9061212,2.6956873,1.632645,7.9377923,11.135413,15.066676,7.232072
257,0.00046803591307252644,0.002000256131092707,1.4484327,1.2598981,3.0476432,4.4737687,7.1000624,0.94860554,2.5965638,1.7058094,7.996581,11.846299,16.076662,7.376011
258,0.000540161959361285,0.0022899098694324493,1.600121,1.4456388,3.4119382,4.5473294,6.598587,0.9899883,2.7353594,1.6556151,7.9686623,11.408634,17.25602,8.629836
259,0.0006065695104189217,0.0020473388334115348,1.6597897,1.4279327,3.7427,5.1572094,6.440772,1.2409014,2.6119738,1.5113118,7.678446,11.551677,16.720913,7.75382
260,0.000540469279512763,0.0020076831181844077,1.6098052,1.4174792,3.5966246,4.4617233,5.753637,0.9433866,2.5932589,1.4970481,7.2576942,11.333084,15.716075,7.415511
261,0.0005090564384590834,0.0020787647614876428,1.5566553,1.3943737,3.3603895,4.303581,6.3838964,0.92617023,2.63166,1.4765446,8.479655,11.789085,15.909067,7.615327
262,0.0005247849225997925,0.002049239973227183,1.5648661,1.3929695,3.374542,4.782072,6.309318,0.9970557,2.763468,1.8538456,8.299339,11.894004,14.663888,6.8035264
263,0.0004290965665131807,0.0020457226783037186,1.4388163,1.2434825,3.1534724,4.103796,4.983855,0.7527946,2.688183,1.7085432,7.906032,10.88179,15.4337435,6.9961643
264,0.0004627879080362618,0.00213022343814373,1.4810665,1.2925577,3.227565,4.432436,6.0458155,0.8535312,2.697083,1.4971745,7.7932687,11.120622,16.099585,7.406827
265,0.00046890582074411214,0.0020307215551535287,1.4769137,1.285118,3.304719,4.4497437,5.7521043,0.9000438,2.6036162,1.6090634,7.250772,12.496709,16.27407,7.39529
266,0.0008936066133901477,0.0025366153568029404,1.6930707,1.4381744,3.6240828,5.81801,27.222393,3.0580568,3.2371738,2.3764338,8.527131,12.159201,15.917313,7.450252
267,0.0009607781236991287,0.0022090841084718704,1.750018,1.370165,3.8990462,5.8683267,25.230309,3.2971697,2.9282823,1.9760928,8.489918,11.263155,14.697322,7.195881
268,0.0009189142752438783,0.0021182534595330558,1.9199998,1.5796671,4.332078,6.3373156,18.801367,2.380789,2.7325902,1.7603612,8.3483,11.935805,15.227435,7.5251184
269,0.0008203826425597072,0.0021657577405373254,1.8045237,1.5050621,3.8127756,6.5710177,17.672867,2.116806,2.8126006,1.8030357,7.2757835,11.481253,16.412596,7.458839
270,0.0006283351441379637,0.002240333706140518,1.4986508,1.2553856,3.3063474,5.148467,16.290136,1.9001098,2.7811167,1.7639669,7.985842,12.179589,16.096556,8.060469
271,0.0007210783672053367,0.0021397781868775687,1.578333,1.3516155,3.4802809,4.5921783,24.697962,2.2821174,2.688911,1.5994867,7.5446415,12.6053,16.299704,7.7235403
272,0.0006041328841820359,0.0020923676590124765,1.6147265,1.4176171,3.4100335,5.8425813,11.856107,1.360755,2.6706617,1.8890117,7.5641503,12.416022,15.878852,7.664463
273,0.0005370379774831235,0.001961208259065946,1.4906452,1.2519516,3.5597644,5.3618693,10.194604,1.2894784,2.5943277,1.6430132,7.8027573,12.12907,14.23404,6.943777
274,0.000537754928227514,0.0025627675155798593,1.4607158,1.2300334,3.203218,4.980644,14.650459,1.402384,2.9932861,1.9793462,8.570307,10.603094,16.082853,8.087873
275,0.0007017821189947426,0.0020157030473152795,1.7698642,1.529823,4.0550933,5.6513066,8.353998,1.4810253,2.6712718,1.5145211,8.14745,11.092773,14.878658,7.0736637
276,0.0005279092269483954,0.0022131912410259247,1.5594598,1.3578268,3.589424,4.3843784,7.5853763,1.039147,2.799052,1.9330988,8.384484,11.5643015,16.209135,7.476992
277,0.0004814650467596948,0.0021845375498135886,1.5160733,1.3705934,3.2170017,4.355274,6.486641,0.8643477,2.7976747,1.7621995,8.660646,12.442301,14.622524,7.9426093
278,0.0004342863883357495,0.001983458176255226,1.425368,1.2697996,3.2666256,4.5177765,5.7116866,0.83067024,2.6516793,1.7169722,7.9738154,11.066825,15.0219965,6.997614
279,0.0004221886303275824,0.0021090290198723474,1.384995,1.185807,3.215499,4.73809,5.650971,0.81123674,2.6922383,1.7775002,8.719157,11.857704,14.958222,7.3949738
280,0.00040042707696557044,0.0021052826195955276,1.3149977,1.1152223,3.039506,3.9834867,8.662767,0.8915187,2.717278,1.7231207,8.498269,11.914617,15.568352,7.5510907
281,0.00041899981442838907,0.0021854198227326074,1.3839674,1.1270908,3.1104286,4.6120653,5.8622046,0.8263964,2.7706413,1.6898429,8.545713,11.993516,15.675362,7.8526306
282,0.00047310440568253397,0.0023619855443636575,1.4691426,1.254918,3.172792,4.513406,8.027492,0.94718814,2.8218055,1.7688999,8.2944145,13.730461,15.330386,8.718709
283,0.0005509848671499639,0.002176127706964811,1.5807564,1.3285431,3.435528,4.4626994,10.71287,1.1352063,2.8414247,1.8574947,7.7364254,11.316455,15.892577,7.408493
284,0.0004909342410974204,0.001980433240532875,1.509032,1.3373516,3.2658973,4.3391714,8.23311,0.9468103,2.6367748,1.5798492,7.8624654,11.529755,13.599254,7.0451674
285,0.0004306677798740566,0.0020698290318250656,1.3812022,1.1243094,3.1952803,4.678003,6.860012,0.91925555,2.628387,1.8200991,7.8297014,11.854777,15.987518,7.474125
286,0.00042221751413308085,0.002146240323781967,1.4150177,1.2472538,3.2549102,4.028424,4.9174905,0.7775962,2.7186306,1.6831942,8.066817,11.154965,14.873269,7.393277
287,0.0004841323895379901,0.0020531577368577323,1.4903088,1.2653224,3.3177907,4.403502,6.623593,0.9328884,2.6741943,1.6340182,8.035827,12.054694,14.98799,7.1810207
288,0.00041578158736228944,0.002188956985870997,1.4105803,1.1796855,3.0339766,4.0702367,4.5898347,0.74692655,2.7096217,1.4679315,7.841691,11.206881,15.671988,7.795498
289,0.00045167854288592936,0.0019848390171925225,1.4444841,1.2262094,3.191446,4.600662,5.7821474,0.8774489,2.6477828,1.7138388,8.330244,11.793299,14.47357,7.153588
290,0.0004551020613871515,0.0022730752825737,1.4693542,1.289071,3.134379,4.2730794,5.812947,0.8167342,2.804916,1.8256301,8.574553,10.970883,15.118471,7.5833993
291,0.0004625681962352246,0.0020083126922448478,1.4722652,1.2967899,3.1953666,4.3187795,5.0522194,0.8718646,2.6201396,1.5352771,7.3845167,11.594241,15.785721,7.2601204
292,0.0003820771095342934,0.002114179233709971,1.3344349,1.1849816,2.8838053,4.255018,6.070183,0.7339311,2.667629,1.5596089,8.068769,10.876186,14.945556,7.37802
293,0.00032595635624602435,0.0020762446026007333,1.24596,1.1302116,2.8570116,3.4463816,4.912946,0.58832484,2.6724148,1.7831267,8.562793,11.211404,14.589343,7.311734
294,0.00036458470509387553,0.002179338907202085,1.2982935,1.098961,3.0306997,3.6417553,5.5045953,0.7102407,2.7072022,1.7981007,8.715514,10.836495,15.6039915,7.764705
295,0.0004084724874701351,0.0021459360917409263,1.3376019,1.1492693,2.95849,3.603952,11.222176,0.8985952,2.8114657,1.9174936,7.8613677,10.23822,16.155622,7.2371593
296,0.00043141665402799843,0.0019850333531697593,1.4282135,1.2217329,3.0692446,4.3245754,5.887562,0.7964207,2.6328828,1.7895378,7.8743763,12.325514,15.589537,7.400689
297,0.0003436108853202313,0.002039823681116104,1.2731032,1.1131148,2.7403817,3.5589392,5.2939453,0.63930655,2.6248422,1.5421,8.313396,11.911964,15.586855,7.673792
298,0.000438521757023409,0.002044494574268659,1.4231938,1.2215726,3.0692008,4.252462,6.5434065,0.86126184,2.5958092,1.6997257,8.66948,11.662936,16.358725,8.10786
299,0.0003564264345914125,0.0019912042965491614,1.2754229,1.0477319,2.826982,4.017668,4.902088,0.70855385,2.6120853,1.6067876,7.957866,11.79978,15.390413,7.3806376
300,0.0003467523254221305,0.0020623846600453057,1.2733294,1.0885845,2.813733,4.2073894,5.3760734,0.66381234,2.7183602,1.8118569,7.772783,11.469094,15.298086,7.2660513
301,0.00041208065580576657,0.0020138397812843323,1.3685155,1.1726979,3.0327609,4.3209267,5.8597965,0.8290475,2.7110403,1.8675187,7.926845,11.160835,14.9127865,6.760445
302,0.00041342534706927835,0.002071218565106392,1.3259897,1.1055297,2.988556,4.924887,8.6883745,0.9562665,2.648156,1.699501,8.449078,12.257851,15.7364235,7.8482943
303,0.00038140577846206724,0.0021897622694571814,1.357097,1.1981198,2.8042076,3.894024,4.6615276,0.66182035,2.7082305,1.6839529,8.499091,12.135688,16.428759,8.331113
304,0.00033383315661922097,0.0020981362710396447,1.2460973,1.0808272,2.8368988,4.0387044,4.632104,0.63935953,2.6817272,1.6365151,8.37329,11.874522,15.919729,7.5681515
305,0.00036617742152884604,0.002203073352575302,1.330907,1.189432,3.0139604,3.6965597,5.168466,0.63582903,2.752419,1.7575066,8.531935,12.504669,15.496425,7.945946
306,0.00040524013922549785,0.0022289318343003592,1.3658897,1.1125873,3.2746449,4.1471853,4.620375,0.8001468,2.889944,1.7785183,7.724845,11.606014,16.13553,7.550367
307,0.00039366322103887794,0.0021748915314674377,1.3236724,1.1180263,2.9748156,4.0244317,7.419418,0.8370038,2.7631383,1.7705193,8.042091,10.607226,14.945132,7.669936
308,0.0004847848997451365,0.0020562727004289627,1.5015184,1.3186374,3.2816167,4.5546403,5.666591,0.9177366,2.5819726,1.5453107,7.4413323,11.952585,17.289501,8.096041
309,0.00044016184750944376,0.002074858173727989,1.4549263,1.2633104,3.1980069,4.001906,5.6439257,0.7768003,2.5625875,1.4368024,7.5191183,11.822022,16.48626,8.092655
310,0.0004571588570252061,0.002256477251648903,1.4600304,1.3080585,2.9193072,5.024242,7.93323,0.8583886,2.7280695,1.7255764,7.477943,11.927718,15.884781,7.9556108
311,0.0003960566921159625,0.002101107810934385,1.3551897,1.1961583,3.0725286,4.215492,5.8541074,0.7657415,2.6918764,1.4963106,8.175697,11.543371,15.2548065,7.408804
312,0.0004833598341792822,0.0021310821175575256,1.3972248,1.1601154,3.5126514,4.709738,9.84798,1.2066267,2.7245243,1.4384418,8.466687,12.22955,15.211433,8.306185
313,0.0005030500434804707,0.0022848062217235565,1.5061232,1.3103006,3.4267623,4.3877563,8.435265,1.0417677,2.8553145,1.765359,8.930814,12.732233,13.435336,7.9826117
314,0.0005354607908520847,0.0021563743551572165,1.5198424,1.3186374,3.3409786,5.101777,12.558953,1.2201351,2.7931185,1.7112646,8.830828,11.907028,14.612536,7.7327895
315,0.0004792772699147463,0.001992133135596911,1.474368,1.2360641,3.343223,4.696258,6.5897245,0.96641344,2.668507,1.7872363,8.292681,11.270298,13.3015,6.8998847
316,0.000456244854722172,0.0020551799486080804,1.4156414,1.2389104,3.2550821,4.8261547,8.400785,1.0019312,2.6400638,1.8199695,7.7370653,12.048056,16.245773,7.568618
317,0.0004309770697727799,0.0021828139821688333,1.4151067,1.2313056,3.2888749,4.068344,5.6465297,0.83255637,2.7110796,1.6641009,9.1368065,11.265741,15.923687,8.253065
318,0.0004892981401644647,0.0020414205888907113,1.446054,1.2478812,3.2598343,5.1523347,9.390256,1.1366369,2.6818542,1.8913615,8.062083,12.396107,15.127151,7.334144
319,0.0004861578927375376,0.001953647161523501,1.4617374,1.2640846,3.0753913,4.590861,11.761672,1.0663505,2.6624718,1.7250199,8.192531,11.172336,15.00855,6.8879757
320,0.0004368268413236365,0.0020360369235277176,1.3727927,1.1584274,3.0717053,4.052867,10.529791,0.9951976,2.5960822,1.647538,8.033018,11.831632,15.871099,7.996871
321,0.0003968198026996106,0.0020737219601869583,1.3353357,1.114169,3.0456011,4.2734003,5.61974,0.82284516,2.7132277,1.7688937,7.2040744,12.030007,14.930757,7.082865
322,0.00044381798477843403,0.002106488992770513,1.4202127,1.1945212,3.2915516,4.7232804,5.9567394,0.8988055,2.6778216,1.6603785,8.168253,12.745693,15.041656,7.625431
323,0.0004144565761089325,0.0020081140100955963,1.3489119,1.1463712,3.2749963,4.3611465,6.694861,0.90713334,2.5819888,1.6284671,8.614537,11.938563,15.429753,7.772791
324,0.00035511114285327497,0.0020452930281559625,1.2874749,1.1324602,2.9004827,3.987746,5.218944,0.67847973,2.6587176,1.7044837,7.6153073,10.809071,14.702058,7.2900352
325,0.00035987010458484294,0.0020152125507593155,1.2982417,1.1078284,2.8109825,3.8964984,5.199083,0.6761682,2.573247,1.4191887,8.456065,11.961195,14.600863,7.803295
326,0.000357134526129812,0.0020004697144031525,1.28206,1.0903805,2.971054,3.840035,4.8958898,0.6865589,2.6310833,1.6171328,8.161803,11.395622,14.941939,7.222863
327,0.00034540449269115925,0.002060413360595703,1.2699515,1.0964652,2.7002077,3.9046443,5.9873967,0.6594952,2.6544857,1.7013545,7.917726,11.160175,15.350421,7.2625957
328,0.0004112704790895805,0.0019045602530241013,1.4176087,1.2854224,2.9148107,3.8240824,4.790519,0.699456,2.539529,1.5825374,7.6590567,9.892759,15.199846,6.778495
329,0.0003656160261016339,0.0019172485917806625,1.2909641,1.0982485,3.015683,3.9786325,5.3562074,0.7472755,2.5543633,1.7137086,8.48423,9.901347,14.672587,6.9947596
330,0.00034143160213716327,0.0020969820519288382,1.2521188,1.0447392,2.8108237,4.10584,4.8668733,0.68280274,2.7069545,1.627986,8.627848,11.057102,15.395894,7.6725273
331,0.000313942123320885,0.0019405701508124669,1.2120867,1.0202913,2.6972065,3.6815677,4.6045346,0.59882766,2.5139065,1.4843249,8.524339,11.362098,15.200705,7.792184
332,0.0003410870989318937,0.002004198729991913,1.2355139,1.0655106,2.7762272,3.9892578,5.3203077,0.7093029,2.5992713,1.6231499,8.208918,12.074647,16.779263,7.7879705
333,0.0003713015071116388,0.001911983514825503,1.2822348,1.0941428,3.172289,4.2796836,5.721561,0.78783673,2.5516448,1.554231,7.211896,11.424345,16.1603,7.210557
334,0.00036960823112167416,0.0021247311184803643,1.2740946,1.0781081,3.047443,3.8199344,5.180432,0.8000308,2.7219899,1.5804576,8.777199,10.994081,16.295712,8.016084
335,0.0003705903212539852,0.0021264366805553436,1.2884995,1.0961083,3.0309405,4.0818596,5.3697634,0.75800145,2.7178547,1.5479188,7.635146,10.935573,17.369642,7.657988
336,0.0003450531914131716,0.00197472982108593,1.266832,1.1009179,2.775605,4.06773,5.3524013,0.66975,2.6105547,1.600219,7.023236,11.758773,16.355936,7.1673136
337,0.0003473346284590662,0.002216245358188947,1.2575318,1.0535057,2.87239,4.069072,6.633238,0.70362025,2.7990756,1.5657823,8.364164,11.261858,15.663958,7.8592043
338,0.0003079558338504285,0.0018627246220906575,1.2030373,1.0882249,2.6109211,3.5734837,5.0710316,0.5838243,2.5710268,1.5611444,7.3713264,11.234519,16.666534,6.7976794
339,0.00028534610755741595,0.0019374812642733257,1.1809511,1.0518327,2.4666357,2.938787,4.2164,0.48076314,2.5735867,1.6010706,8.326923,11.05855,15.182668,7.1982617
340,0.0003209528676234186,0.001840151846408844,1.1939999,0.99701107,2.7780392,3.8380265,4.7921143,0.68256986,2.5438802,1.6612217,7.417363,11.240343,16.35682,6.6385264
341,0.0008608706435188651,0.002296644573410352,1.835325,1.4580394,4.406253,6.643669,14.549524,2.2826269,3.0564299,2.3498526,7.86644,11.341521,15.089663,6.6338143
342,0.0008958852896466851,0.002480731656153997,2.0299048,1.8194065,4.2623563,6.207988,10.004686,1.7592841,2.944723,1.527003,8.339982,12.485807,15.094006,8.91411
343,0.0008836647309362889,0.002137018988529841,1.978412,1.651853,4.59262,6.8793716,8.332321,1.8905617,2.950547,2.261382,7.780559,11.30228,16.34537,6.893868
344,0.0010681547573767602,0.0022051880757013955,1.8882887,1.5081794,4.044623,7.852064,28.233393,3.5155847,2.6133246,1.4321605,8.570645,13.177916,16.710976,8.613899
345,0.0010843495465815067,0.002189803868532181,1.8619893,1.4765775,4.315189,6.253281,25.570036,3.7099314,2.8648632,1.930277,9.484637,10.97367,14.790207,7.5337453
346,0.0008145904773846269,0.002073789636294047,1.7857304,1.5208422,3.7684956,6.0585237,19.936537,2.1461363,2.8359692,2.1601105,7.312454,11.32561,13.466754,6.5495443
347,0.0006123953149653971,0.0019456110894680023,1.5513741,1.2146648,3.6095698,5.626697,12.310121,1.6271081,2.675172,1.8312285,8.015263,12.005979,12.553046,6.802253
348,0.0006025525135919451,0.002262881025671959,1.4304651,1.1582584,3.3860967,5.039379,21.37887,1.9281718,2.7739203,1.6761937,8.077524,13.52799,15.7375555,8.611906
349,0.0008899374201428146,0.0018195143590370815,1.6047425,1.3252987,3.3443358,5.0992637,28.847418,3.3410985,2.4397304,1.5195634,8.01005,11.132315,16.308607,7.204544
350,0.0007404884370043874,0.002486196036140124,1.6295851,1.3653004,3.6523728,6.348209,20.152693,2.2199743,2.8706026,1.7610761,8.697543,12.518818,16.198341,9.233083
351,0.0007369931053835899,0.002351167301336924,1.6062666,1.3396908,3.442742,5.9841094,23.159195,2.2931283,2.8733525,1.687812,7.702848,13.763723,16.400093,8.633884
352,0.0007119861256796867,0.002227191502849261,1.6315892,1.3772875,3.334853,5.7771425,20.150223,2.0399168,2.7538953,1.6770293,7.3941226,13.238986,16.192806,8.090007
353,0.0005673786089755594,0.002352419619758924,1.480817,1.2093368,3.6008253,4.8043227,16.00727,1.5434572,2.7180173,1.5619705,7.7461405,14.666737,18.050001,9.444596
354,0.0005493499804288149,0.0022484411795934043,1.4665794,1.2151481,3.4738739,4.3403893,13.471768,1.4674911,2.7352376,1.6808809,8.945925,14.561372,15.946252,8.767135
355,0.0006127882923465222,0.002407494311531385,1.5664197,1.2826792,3.602814,6.0472302,11.011256,1.5835443,2.977672,2.0470967,8.481732,13.408248,16.328444,8.257701
356,0.0006085722951684147,0.0021793742974599204,1.4684888,1.1899254,3.3569674,4.7070494,17.4612,1.8591908,2.7668269,1.6807524,7.8708096,12.658147,15.213945,8.140602
357,0.000580811764812097,0.0022571999579668045,1.5012853,1.2351139,3.2905703,4.415548,17.678122,1.5805409,2.703917,1.5901783,7.921905,13.502818,16.107908,8.767055
358,0.0005963179701939226,0.0023469912509123483,1.6596532,1.3957764,3.8326592,4.8764005,6.132452,1.1609461,2.8731241,1.7771261,8.084149,13.966261,16.375715,8.458875
359,0.0004321185103617609,0.0021914622435967126,1.3902292,1.215309,2.8802335,4.5012393,8.021254,0.9147392,2.6821992,1.3998816,7.4064503,13.933231,16.457811,8.488579
360,0.00035468557733111085,0.0021165565898021064,1.2942077,1.1412387,2.7643778,3.618666,6.000315,0.6571008,2.678657,1.4518434,7.516173,13.519669,16.59378,8.236029
361,0.0002982511324808002,0.002142755314707756,1.1890906,1.0438024,2.6806095,3.4402792,3.8194675,0.541386,2.7105107,1.5812682,8.199605,12.7739525,16.941854,8.313148
362,0.00027271936764009295,0.0020946084211270013,1.1116695,0.923233,2.579314,3.4733648,4.490215,0.5535008,2.5922024,1.4368697,7.568137,12.702054,16.503016,8.408109
363,0.0002940968261100352,0.0020465167860190072,1.1397407,0.9598115,2.6000504,3.990058,5.3634467,0.6302657,2.6012712,1.5865387,7.6475744,12.821195,16.561317,8.042946
364,0.00028522042208351195,0.002094517151514689,1.1300044,0.9460534,2.7402537,3.586259,4.243117,0.5893067,2.7636178,1.7926476,7.6630464,12.174274,15.649948,7.6422963
365,0.0003052704501897097,0.001953821008404096,1.1961447,1.0279343,2.6319227,3.7507179,5.0445743,0.5639228,2.5369077,1.6633049,7.0573807,12.621987,16.057945,7.634635
366,0.00029773687012493613,0.0021964311599731445,1.1527919,0.923233,2.834704,3.6081984,4.2761755,0.62814236,2.8695576,1.9673618,7.41891,12.891902,15.775424,7.7003775
367,0.0002694386709481478,0.0021743296335140863,1.1130433,0.9669208,2.5071754,3.500563,3.7735636,0.53135514,2.7409453,1.6193883,7.684375,11.999447,15.9981785,7.734522
368,0.00027771273511461913,0.0019970803211132684,1.1533638,1.0415503,2.3596582,3.6326218,4.8112893,0.49999392,2.6119268,1.5718399,7.442634,12.484973,15.797053,7.5650954
369,0.00024481124652083966,0.0020275401572386422,1.071089,0.9454327,2.4927104,3.2208998,4.380611,0.46357396,2.6114054,1.4893467,7.8943925,12.590718,15.472964,7.800822
370,0.00024130626465193928,0.0021512353171904883,1.0331613,0.86048305,2.5618105,3.59678,4.2681527,0.5150384,2.6714752,1.5427492,7.8800616,13.1457615,17.001898,8.138378
371,0.00024777560320217163,0.0021502586702505746,1.074359,0.9679321,2.4084203,3.1483428,5.1217017,0.47619843,2.7410839,1.6431559,8.228581,12.171196,16.413176,8.051062
372,0.00024100945563986897,0.0019733160734176636,1.0266536,0.8372002,2.399912,3.4631994,4.5235925,0.5298405,2.5253797,1.5512261,8.488587,12.538587,15.750747,7.879601
373,0.00023081597231794148,0.002037146439154943,1.0033307,0.79868394,2.465421,3.3474123,4.9726386,0.5140139,2.6362333,1.5351405,7.8511634,11.820545,14.2817955,7.585757
374,0.00032017713645473124,0.002057379732529322,1.1879514,1.0139426,2.8905175,3.782211,5.5460224,0.6850395,2.5964007,1.3423574,7.8010106,13.326453,16.258928,8.124738
375,0.0002651525236433372,0.0020117610692977905,1.0878066,0.90784436,2.4021287,3.929037,5.3314924,0.5624191,2.633449,1.6036906,7.594778,12.428215,15.715368,7.600285
376,0.0002769240509951487,0.0020191135505835214,1.1171837,0.9479131,2.4422321,3.6839268,4.6387386,0.57510066,2.626514,1.7045181,7.6469407,12.027166,15.055755,7.387449
377,0.00031955062237102536,0.002133109296361605,1.1644654,0.9341894,2.7932663,4.2954273,5.5955553,0.7466203,2.7734294,1.8638808,8.347903,11.943554,14.960961,7.5743423
378,0.00029132902680430563,0.0022570528090000153,1.1358721,0.9536758,2.5387661,4.308411,5.0314684,0.62648094,2.8043873,1.6667134,7.619061,12.850321,16.377314,8.005903
379,0.00037788133253343405,0.0020069188127915063,1.2929978,1.0802839,2.8317997,3.9148173,7.03542,0.81565297,2.6403348,1.6977298,9.31077,11.511151,14.030993,7.4900427
380,0.0003299918427364901,0.002125085641940435,1.1681186,0.93669957,2.7005444,4.768303,8.007267,0.81087524,2.7140317,1.8481145,8.385776,11.70064,15.648999,7.982316
381,0.00025953831616789104,0.002093185360232989,1.0948137,0.91749245,2.4844906,3.2048223,4.3716593,0.50425184,2.6147592,1.5400221,7.884584,12.621182,17.120543,8.367433
382,0.00029063463327474895,0.0021722068389256797,1.1712161,1.032493,2.384224,3.4096398,4.5209937,0.5290315,2.7266095,1.6452518,7.7428136,12.364441,15.129283,8.144579
383,0.00028877078322693707,0.0019194843868414562,1.1277884,0.9039563,2.7197676,3.35332,4.346543,0.62604845,2.5025928,1.5765665,7.794849,12.815316,16.083136,7.3531575
384,0.0002780771255493164,0.0021164591113726297,1.140219,0.95940375,2.512278,3.3236487,4.002033,0.5212819,2.7518873,1.7359867,8.095663,12.431591,16.134855,7.6145196
385,0.0002591442840639502,0.0020703785121440887,1.1109252,0.9801865,2.3527718,3.390109,4.338244,0.46585026,2.6090436,1.6149504,7.413684,12.670678,17.002096,7.9147453
386,0.0002514292992418632,0.0021377485245466232,1.0805871,0.93460816,2.6185286,3.0704703,3.456437,0.48498705,2.7305076,1.7712884,8.056183,11.92547,16.165672,7.847702
387,0.00024816566961817445,0.0019551211347182593,1.0678203,0.9308319,2.482002,3.0843077,3.8576252,0.47757807,2.5342014,1.7635846,8.671434,12.023917,16.09897,7.5721145
388,0.0002699722349643707,0.00195497398575147,1.082395,0.8974387,2.7068932,3.6342669,3.843182,0.5902401,2.449344,1.2711128,7.6419015,13.147257,16.459234,8.205604
389,0.0002730633324244991,0.001954620083173116,1.1236418,0.9705567,2.4177396,3.1141827,6.2330656,0.5336384,2.5594745,1.7103236,7.3029904,12.737291,15.965657,7.671581
390,0.00030163815477862954,0.002091387907663981,1.1565561,0.9841711,2.6709204,3.9053977,6.3244033,0.6440483,2.583973,1.4006171,7.806729,11.6560755,15.479414,8.001408
391,0.0002584366733208299,0.0020352868984142938,1.0797995,0.90005136,2.4379752,3.6467805,5.1827006,0.53361565,2.6910315,1.8142897,7.780536,11.846772,15.822499,7.3217797
392,0.0002797308005392551,0.0019076056778430939,1.1090904,0.94211537,2.6246877,3.355326,6.2205343,0.5818015,2.6192105,1.477337,7.663161,10.894995,15.148648,6.768333
393,0.0002804602449759841,0.0019055716693401337,1.1340274,1.0087184,2.531693,3.6046655,5.2844615,0.54386127,2.5268497,1.4955119,7.038117,12.488183,15.704723,7.1488595
394,0.0003469794651027769,0.002114003524184227,1.2392633,1.0642244,2.8709207,3.802376,6.867128,0.74602056,2.6823995,1.6537824,7.9706964,12.3992605,16.056858,7.929319
395,0.00031620356952771544,0.001981897900501887,1.1663042,0.99877596,2.7302535,3.7972248,7.9007006,0.72161305,2.5915263,1.4202669,7.4821672,12.151095,16.023684,7.5628333
396,0.0002933143882546574,0.001969429353872935,1.1564983,0.98714894,2.7228467,3.90034,4.3442445,0.5833799,2.5512004,1.5688124,8.079278,12.003879,14.837465,7.7223883
397,0.00027107448549941183,0.0020486637949943542,1.0965002,0.940036,2.5856357,3.4558554,4.728783,0.56896967,2.5982618,1.633692,7.985714,12.098419,16.21431,7.627315
398,0.00030700402799993754,0.0021650337924559913,1.1578399,0.9895249,2.4954393,3.7633643,6.0448103,0.6570785,2.649023,1.5112885,9.283262,11.959307,16.650536,8.755626
399,0.00030797543469816445,0.002082850163181623,1.1806266,0.997992,2.7711318,3.844153,4.908438,0.6333838,2.6191628,1.4944167,8.184136,12.140377,16.581793,8.070975
400,0.0002849643398076296,0.002147869517405828,1.1398646,0.9709598,2.497343,3.462073,5.4373975,0.561694,2.7106893,1.5495815,8.094261,11.956153,16.189451,8.110756
401,0.00031898137473035604,0.002301135410865148,1.1703705,0.9795874,2.7498224,3.9711359,7.6137047,0.73225147,2.710762,1.3292639,8.849261,13.867466,15.301204,9.356853
402,0.0004358310205861926,0.0022101644426584244,1.4196221,1.2395421,3.110866,4.259399,5.8013697,0.85020167,2.7532268,1.6835784,9.034748,12.254479,15.0809765,8.14696
403,0.0004812881466932595,0.002253122627735138,1.448136,1.1768621,3.6125267,4.553458,5.7806897,1.0809461,2.7501109,1.6863067,8.173856,13.776386,16.913387,9.035982
404,0.0005101458076387644,0.0021973674496014914,1.4685217,1.2574104,3.2529924,5.762542,8.12098,1.1692039,2.6851048,1.5457368,8.262414,13.442667,15.384402,8.687468
405,0.0005227426963392645,0.0024621902654568353,1.467326,1.196976,3.3049915,5.349896,9.4052725,1.2849573,2.997301,1.8130496,9.95018,13.483637,13.914224,8.790243
406,0.0007270606909878552,0.005250639592607816,1.7338732,1.3918452,4.0219393,5.681839,12.099764,1.7737664,4.251735,2.6110406,14.653906,17.47774,24.000061,19.635256
407,0.0020043318555690347,0.0023154467344284058,2.5871134,1.8468437,6.9315796,12.750479,23.440248,6.5686655,2.7287035,1.7149682,9.285452,12.571086,16.976276,8.486409
408,0.0017798739788122476,0.0027623760203520456,2.565581,2.0246809,6.4003286,9.196972,28.289831,5.203787,3.2115886,2.019315,8.560055,11.840743,14.489481,8.288523
409,0.001093697950709611,0.0022454957167307534,1.9743053,1.6865561,4.389924,7.1611753,26.714092,3.3473685,2.726788,1.4653733,8.634401,13.817577,14.50795,8.220018
410,0.0007864182279445231,0.00209174615641435,1.6925321,1.3523391,3.9127703,6.1087613,20.279074,2.3326142,2.7445197,1.6507518,8.700939,11.387539,14.805572,7.810414
411,0.0006797201943118125,0.002138359472155571,1.5426439,1.2855747,3.563508,5.6639996,21.018978,2.1107209,2.7226138,1.5083071,7.6283393,11.873062,15.68638,7.500622
412,0.00037428524694405497,0.001992023860414823,1.2717801,1.0680786,2.717159,3.8229942,10.285469,0.8423186,2.672577,1.5116117,8.028,11.276197,13.4085,7.1986127
413,0.0003150109725538641,0.0021345168352127075,1.2255329,1.1016287,2.6111782,3.5899756,4.7764316,0.5700014,2.689114,1.8023367,9.137568,11.390853,14.696473,8.312062
414,0.00032038274919614194,0.00203012985487779,1.2049464,1.0319242,2.6799304,3.641041,5.5499434,0.64507043,2.555853,1.3761964,7.5311847,13.371166,16.72832,8.257334
415,0.00032970348373055457,0.0021035907169183097,1.2438053,1.0826361,2.877443,3.614931,3.926005,0.60600454,2.5841212,1.4866395,7.585199,12.766998,15.252443,7.610456
416,0.0002526715397834778,0.0019463182737429936,1.0629014,0.8899944,2.4509978,3.6711206,4.75934,0.5227285,2.5153296,1.3341286,7.567507,12.145263,15.431987,7.7285013
417,0.0002272164716850966,0.0020766997088988623,1.0149662,0.89831036,2.238188,2.9272556,5.8926864,0.4538288,2.6213992,1.4129158,7.4374375,12.706487,15.42291,7.899765
418,0.00020761321415193378,0.002054003377755483,0.98277605,0.8406988,2.2706568,3.0595236,3.88373,0.39317587,2.5577412,1.3796607,8.847741,11.802215,13.841866,7.9524174
419,0.00024000775534659623,0.002008054405450821,1.0451075,0.90460545,2.2848601,3.4856608,3.9887996,0.46944943,2.5539088,1.5342019,7.6120553,11.802919,14.730102,7.628471
420,0.00022726572467945516,0.0019441569844881694,1.0150678,0.88048947,2.2820034,3.3189678,4.805626,0.45761362,2.5278904,1.488692,7.8427052,10.745277,13.971582,7.3872213
421,0.00020388818753417582,0.0019342489540576935,0.9614816,0.80939215,2.336377,2.9479516,3.3757403,0.41668817,2.5406857,1.448884,7.014738,12.697221,15.052822,7.3549676
422,0.00018965933209983633,0.002048451453447342,0.93879503,0.8209145,2.046027,3.089297,3.583045,0.36867347,2.5804102,1.4890552,7.8597136,12.882268,15.997696,8.014429
423,0.0002057293860707432,0.0020032872756322226,0.96257687,0.80137444,2.2816987,3.2658815,4.041959,0.42425513,2.5053296,1.3689885,7.7562857,12.998282,15.346963,8.120325
424,0.0002464869851246476,0.001963352163632711,1.0334833,0.8609377,2.303792,3.2982657,7.659294,0.555198,2.485868,1.4010792,7.186047,12.74001,14.187479,7.4393573
425,0.0002046501520089805,0.0019056163728237152,0.9759058,0.85752165,2.1138306,3.075883,3.5555623,0.38841128,2.5786083,1.4307379,7.2547445,12.307664,14.149809,6.8130784
426,0.0002030952274799347,0.001925200844804446,0.9620882,0.7903101,2.3111093,2.9418821,3.6183364,0.40936735,2.570656,1.5464242,7.9740896,11.384672,13.092903,6.9966197
427,0.00020078134082723409,0.0020162792255481086,0.98546356,0.86479294,2.106539,2.6886,3.8854942,0.34852254,2.544723,1.2450368,7.610004,13.205848,15.594226,8.049279
428,0.00021048577938927336,0.001994878053665161,0.99461377,0.86139214,2.1613984,3.3225162,4.486549,0.39758012,2.527451,1.4653046,8.060581,12.486803,15.27307,7.611791
429,0.0001843207044294104,0.0019775107502937317,0.903298,0.76104736,2.1116273,2.989536,4.102457,0.39871877,2.5145793,1.3105173,7.516711,13.620586,16.013933,7.9883127
430,0.00017761856317520143,0.0018729368845621746,0.8948513,0.71545833,2.0416842,2.7609067,4.0209255,0.36692268,2.4664316,1.4017875,7.443255,12.585958,15.059987,7.2195463
431,0.00018531038251239806,0.001997819791237513,0.9185307,0.82281923,2.0597768,2.8523397,4.3972116,0.3728465,2.5111675,1.1267169,7.8565087,11.6011715,14.498582,7.6003485
432,0.0002140030838199891,0.0019657605638106665,0.95086455,0.7735434,2.3201866,3.351486,6.95776,0.5068007,2.490548,1.495189,7.351192,12.4245205,16.373148,7.873385
433,0.00020957482571247964,0.001960872362057368,0.9658757,0.7937689,2.197916,3.3729303,4.390793,0.4465729,2.509123,1.4091609,7.1957226,13.600645,15.701607,7.6808877
434,0.00018056339962640777,0.002025282010436058,0.91397244,0.7952466,1.9454527,2.728529,3.3909593,0.3543301,2.5448573,1.3638642,7.381192,13.329084,16.044037,7.966996
435,0.00020781868952326476,0.001899359126885732,0.94375324,0.79426175,2.3290782,3.2327209,4.488993,0.4782951,2.471317,1.3795353,8.034145,12.345779,15.484391,7.583337
436,0.00018936209962703288,0.0018779374659061432,0.9215674,0.76258856,2.1811821,2.9990563,4.4691396,0.39510286,2.4489956,1.5217248,7.2879443,12.999086,16.054918,7.532081
437,0.00018470978538971395,0.0019882190972566605,0.91650665,0.77581674,2.0899916,2.9464252,3.7964818,0.37428033,2.5677257,1.4249792,7.747088,13.016453,15.544081,7.7854333
438,0.00018048900878056884,0.0019104058543841045,0.9120657,0.78084487,2.0781372,2.6668794,4.17251,0.3482742,2.4783041,1.2822735,7.892093,11.60141,15.877329,7.661922
439,0.0002349399379454553,0.0020170348385969796,1.0194315,0.8315718,2.202816,3.3086367,6.7984653,0.50166184,2.5952296,1.5171084,7.5918617,12.642019,16.195,7.748979
440,0.00022672417107969523,0.0019173833231131236,1.0370097,0.9283058,2.1748927,3.133479,4.298605,0.41202644,2.481312,1.4945521,7.239066,12.982738,16.76609,7.564628
441,0.000445684939622879,0.0030407297114531198,1.3568859,1.0581391,3.3368745,5.4660597,6.4213805,1.0794295,3.127296,1.9509442,8.67287,12.848904,16.167732,9.245219
442,0.0006572112161666155,0.002514128883679708,1.6713535,1.3761504,4.2496586,5.432692,7.838719,1.4461066,2.9875875,2.1055555,7.111228,15.578356,18.1897,8.396059
443,0.0005130846123211086,0.0024029413859049478,1.5232749,1.2790126,3.4195218,5.472893,6.0781865,1.036956,2.8606784,1.7911122,8.583497,15.490713,17.323885,9.0848675
444,0.000409333270508796,0.002135222777724266,1.3588274,1.1843209,2.9043052,4.4742737,7.653604,0.8454951,2.6268497,1.5506563,7.7703457,14.212487,16.704287,8.043664
445,0.0002708468306809664,0.0021750529607137046,1.1030177,0.9102122,2.394609,3.638916,5.130187,0.5589344,2.7299616,1.7216243,8.271497,11.713706,15.636638,8.245864
446,0.0002440186543390155,0.002126562719543775,1.036636,0.8566084,2.3917985,3.1828182,5.377531,0.51961106,2.6027188,1.3689905,8.541546,11.658172,16.14747,8.834841
447,0.00019751410116441547,0.0021978399405876794,0.9554287,0.82139117,2.2635944,2.8933952,3.697717,0.38214204,2.7403142,1.4629658,7.952257,11.901996,14.860599,8.325574
448,0.00016964465379714966,0.0021403413265943527,0.8949545,0.7957386,2.0256267,2.4573646,3.2058897,0.31238705,2.5772738,1.4502066,8.771923,12.37106,15.803762,8.759981
449,0.00021818401757627725,0.001964651048183441,0.9809035,0.8481143,2.245313,3.3874102,4.7928495,0.45551217,2.5510485,1.4825635,8.098722,12.214399,15.346691,7.754707
450,0.00021201841067522765,0.002052903175354004,0.9770752,0.82921535,2.4522915,2.9507906,3.8016872,0.42659554,2.5370317,1.461148,6.899674,14.742871,17.249514,8.406982
451,0.00016988734831102192,0.002024328957001368,0.8879565,0.7803435,2.065247,2.7906315,3.3257246,0.32746318,2.5215857,1.2449404,7.6951284,12.694488,16.950022,8.1066675
452,0.00018406028975732626,0.0019829428444306054,0.897264,0.7687221,2.019242,3.1911535,4.783235,0.40125072,2.5889049,1.5098248,7.7237396,12.386566,16.157501,7.7117224
453,0.00021189530321862548,0.001999887948234876,0.9992548,0.89087343,2.3206136,2.8522034,3.7386358,0.39273095,2.5680242,1.487464,7.153431,13.840105,16.562193,7.8266945
454,0.00017823921953095124,0.002033313736319542,0.888125,0.7292733,2.1280642,2.9483285,4.033811,0.38508895,2.6280193,1.5949078,7.9600563,12.241481,15.791958,7.5793443
455,0.00017942799982847646,0.001956349859635035,0.91424763,0.7912999,2.0980325,2.8731296,3.2192967,0.3470801,2.527604,1.6284792,7.134257,12.750079,16.211117,7.5580115
456,0.0001772314659319818,0.0019671649982531867,0.9081522,0.80939215,2.0160675,2.6627274,2.9549906,0.33779275,2.5506063,1.5426717,7.5251412,12.314296,16.322454,7.6764164
457,0.0002166234073229134,0.001965682953596115,0.96553725,0.78981483,2.2489152,3.3436327,4.2424707,0.4881268,2.536046,1.2964358,7.0105424,12.274351,15.437389,7.1951156
458,0.00018265230173710733,0.001897334431608518,0.9260069,0.8225814,2.0188715,2.5867,3.2195396,0.34421694,2.5232577,1.3322692,7.183039,12.086437,15.584618,7.1596656
459,0.00020309395506046713,0.0020970292389392853,0.9398089,0.7722776,2.2420306,2.970455,4.4430747,0.45425054,2.686603,1.7745373,7.415108,12.993407,15.334829,7.4259634
460,0.00020481528015807272,0.0018356492122014363,0.95514625,0.78134584,2.248946,3.0205607,4.0218997,0.4295081,2.4547858,1.2818995,7.3039436,12.365911,15.005885,7.323697
461,0.00018709834956098347,0.002121871958176295,0.9224541,0.78134584,2.1065695,3.0850594,3.6046197,0.37605137,2.7007778,1.6223152,8.020527,11.908835,14.822667,7.9141607
462,0.00024198113736929373,0.0020105664928754172,1.0025734,0.7883269,2.3181553,3.807394,5.3466506,0.5918733,2.5693245,1.3750069,7.5048265,13.59144,15.494111,7.9972725
463,0.0006964053818956017,0.0025550232579310737,1.3225697,0.9489448,3.3661816,6.651419,24.92294,2.8356183,3.095943,1.9698008,10.048227,12.804786,13.857986,7.942617
464,0.0012746119033545257,0.004434522862235705,2.090296,1.6018109,5.1491556,8.8388195,25.498613,3.9893365,3.6840115,2.295465,12.430538,14.049054,14.369109,12.704373
465,0.0010995937045663595,0.0021756396939357123,2.0317192,1.618583,5.003978,10.046685,14.468118,3.0232985,2.9361637,1.9902272,7.6338053,11.1109915,14.338252,6.5393333
466,0.0009812866849824786,0.0025169923901557922,1.9348494,1.5594689,4.991135,7.0359807,15.603484,2.724382,2.970848,1.8033023,9.716809,13.511279,15.12113,8.741047
467,0.0006524517899379134,0.003062063828110695,1.6540709,1.368021,4.0396814,5.8412027,10.41108,1.5322721,3.3163195,1.969629,10.768848,14.200201,15.293697,10.827662
468,0.0004928788542747498,0.002565944567322731,1.4479833,1.1951764,3.434302,5.2617016,6.865642,1.13049,2.8203826,1.4375525,9.181242,14.282808,14.296947,9.864077
469,0.0003615310334134847,0.0023951480786005654,1.255534,1.0486653,3.029516,4.523032,6.0496726,0.8016482,2.7910404,1.4316735,8.96388,13.430083,16.28948,9.740051
470,0.00030213482154067606,0.0021638584633668265,1.1600448,0.99031556,2.569057,3.4616623,6.5102377,0.64172524,2.7339735,1.7447884,7.263512,12.260248,14.482217,7.8717027
471,0.0002695689751999453,0.0023053952803214393,1.0966043,0.8974387,2.6528552,3.821681,4.8204827,0.5709526,2.8284647,1.5646975,7.8589296,13.373525,15.202046,8.711064
472,0.0002379009476862848,0.0020887876550356546,1.0162143,0.8325125,2.4820547,3.0917127,7.0120163,0.5288102,2.6261578,1.2876089,8.099029,12.787507,13.220316,8.249357
473,0.0002593170909676701,0.002114415168762207,1.0728257,0.9102122,2.413339,3.4454002,6.9599023,0.5515526,2.6558526,1.6621997,8.015806,12.57432,14.1697855,7.952139
474,0.00024270936846733094,0.0021410404394070306,1.0333027,0.8744685,2.311882,3.201607,5.096391,0.5203725,2.7329962,1.4669286,7.9215965,12.040598,13.082089,7.719767
475,0.00019155427813529968,0.002078127736846606,0.9306232,0.7833468,2.0700026,3.0521932,4.1795917,0.39430502,2.6760712,1.5684967,8.707602,11.627622,12.613648,7.83302
476,0.00017872185679152609,0.0020294804126024246,0.9141864,0.78758186,1.8836164,3.0825534,3.9085584,0.33730823,2.5786173,1.5122722,8.208493,11.741827,13.008286,7.559128
477,0.00018267662497237325,0.002115244045853615,0.89149255,0.7380746,2.0930667,2.9464376,4.238591,0.4092529,2.625487,1.4696369,8.384752,12.369516,14.322232,8.325718
478,0.00021668967208825053,0.002195684860150019,0.9893679,0.8559229,2.1911864,3.4857469,4.288798,0.43584237,2.7626615,1.8592303,8.563935,12.722546,15.419853,8.116105
479,0.00016772739065345376,0.0020676578084627786,0.8819463,0.7491268,1.8581918,2.936766,3.75155,0.322329,2.6332834,1.5031326,7.6368837,12.657683,15.455623,7.9542513
480,0.00016769367968663573,0.002087124933799108,0.87129384,0.77329046,1.9629,2.7428224,4.1447253,0.34016138,2.599766,1.4356706,7.7441144,13.050321,15.055413,8.268117
481,0.00015334010124206542,0.002020868162314097,0.8480683,0.72145015,1.9135394,2.476001,3.4694974,0.29045835,2.5221908,1.2495058,7.56521,12.233263,14.149571,8.186823
482,0.00014981919783167542,0.0021430415411790213,0.83526284,0.7295416,1.9176083,2.6109319,3.7630672,0.2879184,2.6615043,1.4348989,7.831419,13.534637,15.463885,8.416529
483,0.00015722021460533143,0.0020140366007884345,0.8366073,0.690405,1.9508688,2.7002697,3.448952,0.32555664,2.512693,1.3843372,7.835215,12.9850645,16.738472,8.278975
484,0.00015037922916235401,0.0019836854189634323,0.8234718,0.69689316,1.8983414,2.4828951,3.4913244,0.31314507,2.517191,1.3587009,7.8906846,12.275166,15.14461,7.997152
485,0.00014550358115229757,0.002035432184735934,0.79851973,0.6471007,1.9029784,2.4123523,3.9519062,0.31454378,2.5651944,1.3445692,8.135017,12.9776125,15.664058,8.116312
486,0.0001379115995950997,0.0019990752140680947,0.7657832,0.63118076,1.7870376,2.6485946,4.0556474,0.32137248,2.475909,1.322056,7.9515147,13.3413725,15.904905,8.367495
487,0.000157166444696486,0.00227647398908933,0.8387261,0.70443356,1.9648625,2.8044705,4.1645236,0.32892984,2.6827471,1.5741446,8.847032,13.75805,16.669476,9.267983
488,0.00019682656158693135,0.002305504555503527,0.93041044,0.78284705,2.197454,2.954046,4.1763105,0.4165007,2.7940722,1.497984,8.541818,13.268897,16.318844,8.753804
489,0.0001694072669488378,0.0020959085474411645,0.9084723,0.80842453,1.8480341,2.5791848,2.8484695,0.2899441,2.5873826,1.395617,8.385373,12.927332,16.542366,8.658579
490,0.00013971240492537617,0.002090650921066602,0.77948475,0.6330381,1.8034445,2.6049955,4.337115,0.31341437,2.5321186,1.2836149,7.8974724,13.861381,16.012522,8.524834
491,0.00015798722335603089,0.0021885776271422706,0.849708,0.7330201,1.9566056,2.5784836,3.2807395,0.31751978,2.659986,1.4844897,8.359048,14.116152,16.493021,8.807793
492,0.00017431299318559467,0.0020700637251138687,0.885554,0.7380746,2.0013776,2.5707197,4.171196,0.36163527,2.4933696,1.3062556,7.6233416,13.645358,16.96913,8.644536
493,0.00018194108095485718,0.0020464155822992325,0.893816,0.71491116,2.0972488,3.4418054,3.9730089,0.39691585,2.6105013,1.5370185,7.734925,12.805974,16.516102,8.06099
494,0.00012356113933492452,0.0022118687629699707,0.74630654,0.6262009,1.6951666,2.2795532,3.2960997,0.25042766,2.6860058,1.5733072,8.273842,13.860947,15.950006,8.521554
495,0.00013582777522969992,0.002058527742822965,0.8003665,0.70554376,1.7972833,2.476765,2.7686663,0.25196013,2.5500367,1.4024985,7.7038064,13.857546,16.62205,8.286596
496,0.0001498670649016276,0.001999305561184883,0.835488,0.7233463,1.9030606,2.4483864,3.1980639,0.2851321,2.527441,1.4073465,7.4511833,13.779929,16.422503,8.011427
497,0.00011527617403771729,0.0019912999123334885,0.749638,0.65759903,1.5950012,2.093751,2.2988248,0.1940222,2.565974,1.5385593,7.8049364,13.583294,15.422975,7.786442
498,0.0001442537974799052,0.0022905711084604263,0.81675464,0.7022078,1.8355036,2.4953542,2.9046118,0.2839132,2.7990186,1.751718,9.051666,13.179339,16.07458,8.763191
499,0.00015195370884612202,0.0022060622771581015,0.82833207,0.69520646,1.868737,2.649035,3.5710027,0.31140977,2.6831613,1.4538727,8.095272,13.185389,17.940033,8.678774
500,0.00016447610629256816,0.0021991624186436334,0.8609961,0.7501709,2.0239258,2.9021094,3.3371842,0.33822843,2.68138,1.632591,8.051355,13.347615,16.518972,8.593885
501,0.00016210393281653523,0.0020200423896312714,0.8607697,0.7595032,1.9342645,2.7762623,3.7513933,0.31731072,2.5608792,1.5135508,7.1076074,13.601932,16.394213,7.8738427
502,0.00015433886903338135,0.0019786786288022995,0.81796396,0.6743467,1.9195555,2.4873443,4.853329,0.32976574,2.5302763,1.3657508,7.574365,14.004501,16.74108,7.9396734
503,0.00013044382532825693,0.0020781575391689935,0.77189577,0.62993944,1.8182641,2.457416,3.299187,0.26346838,2.4740267,1.2147009,7.852691,14.31061,17.02539,8.932772
504,0.00013589674490503966,0.0022484324872493744,0.78719056,0.6807005,1.8188901,2.555859,3.294555,0.27303842,2.6263623,1.4985315,8.6719265,12.957514,16.71462,8.992129
505,0.00015393043984659015,0.002245485782623291,0.846272,0.7467722,1.7936038,2.8040867,3.766344,0.2945391,2.6633925,1.5183889,7.7644944,13.746316,16.825937,8.5785885
506,0.00017450245562940835,0.0022316183894872665,0.8868955,0.7661724,1.9879162,2.9398315,5.434514,0.35748923,2.6173759,1.2972419,7.965962,13.385507,17.20491,9.009895
507,0.00020538323209621013,0.0021268464624881744,0.98277134,0.88779306,2.1677961,3.100402,4.5870595,0.3843518,2.7682872,1.6530823,7.9001913,13.048651,15.555533,7.6112976
508,0.00020900562463793904,0.0019480443249146144,0.97652435,0.82281923,2.2082214,2.957179,4.8083158,0.41815785,2.4274259,1.2018313,8.126099,13.764191,15.961012,8.20384
509,0.0003787579789059237,0.0019196619590123494,1.0885609,0.89831036,2.5284085,3.9389095,18.066868,1.316877,2.7434666,1.970154,7.679134,11.15715,13.293943,6.022704
510,0.00034206104988697915,0.00225880059103171,1.2512232,1.0795592,3.0386226,3.9440696,4.6415668,0.68810177,2.6560237,1.5267045,7.763608,15.362706,18.510057,9.3168955
511,0.0003190130344592035,0.002348711093266805,1.2058778,0.99720734,2.7238727,3.6802487,4.2935443,0.6458703,2.8654757,1.8010572,8.112022,13.992379,15.057556,8.195241
512,0.00037808928638696673,0.0025406920661528907,1.2097061,1.0028819,3.0226586,4.9966125,8.574781,0.98223126,3.0241795,1.8905609,9.321376,12.865724,13.557884,9.141777
513,0.0007558060390874744,0.0023470514764388404,1.715773,1.3887485,4.2685466,7.5059714,10.7703495,2.042531,2.9279537,1.8950758,8.147955,10.984118,17.947525,8.261802
514,0.0008788484474644065,0.005404523263374965,1.8018836,1.4499642,4.8655453,7.6548014,14.5993595,2.5286906,4.1860886,2.775676,12.977703,15.717934,17.093493,14.63314
515,0.001623494008090347,0.002714884156982104,2.2903752,1.6535107,6.232998,11.627738,24.828545,5.5052176,3.1534922,1.9033604,9.36469,14.263448,16.431295,9.723091
516,0.0012000117520801724,0.002521048610409101,1.853962,1.4086158,4.63554,10.232274,30.69412,4.528445,2.878906,2.033722,7.9194813,13.7811,15.140258,8.182347
517,0.0009899776033125817,0.0028539573152860007,1.7938242,1.2467829,4.786306,9.464021,18.278107,3.323494,3.1900933,2.246307,9.804013,14.440205,17.265503,9.962172
518,0.0009648362494772301,0.002745064596335093,1.7246172,1.3546525,4.0158296,7.2192016,26.561188,3.4351883,2.9113674,1.4400027,9.9319725,13.074458,15.016078,10.151905
519,0.0007695978879928588,0.0023916189869244895,1.6178557,1.2750283,4.190132,6.206591,19.947102,2.448655,2.7195385,1.5137374,8.36201,14.962805,16.658686,9.818697
520,0.0005553532333578915,0.0025491503377755484,1.4091588,1.1813431,2.979631,5.367531,15.167601,1.6785353,2.7790883,1.3432438,9.013427,14.208998,17.216454,10.184052
521,0.000638929835986346,0.0024951137602329254,1.4309703,1.1148714,3.5516505,5.310241,21.35027,2.1680665,2.9121432,1.5952581,9.720851,13.643921,14.410691,9.449552
522,0.00040737308096140624,0.0023496846357981362,1.2204595,0.99484986,2.7667766,3.494762,13.688191,1.1504463,2.666775,1.3911748,10.413118,13.74592,16.2231,10.046315
523,0.0005977707757847384,0.0023285249869028726,1.2485476,1.0562881,2.6105802,4.131131,26.379267,2.4238763,2.839391,1.5898921,8.27369,12.858608,16.747553,8.615517
524,0.00033835399663075807,0.0024223445604244867,1.1777502,0.99406266,2.7322423,4.3982077,9.0164585,0.842253,2.6412685,1.2355845,7.733205,14.137907,15.803474,9.681117
525,0.00022842241043690591,0.0025576166808605194,1.0257657,0.922809,2.1541471,3.0754309,5.28676,0.4485409,2.8410838,1.4120039,9.551517,14.379486,15.50353,10.106413
526,0.0002127536101033911,0.00246460922062397,0.98851603,0.8731248,2.1825378,2.8103862,5.946925,0.42170653,2.804327,1.757637,9.159198,14.066174,16.253815,9.920461
527,0.0003310852777212858,0.0025425336013237634,1.1773274,0.97998685,2.8472764,4.160699,6.87318,0.75288355,2.805069,1.552299,9.099694,13.4883995,15.155808,9.959841
528,0.00032518122112378477,0.002456038569410642,1.2042922,1.0317346,2.600842,4.3368764,5.0586143,0.6765755,2.7419467,1.5557125,8.063254,14.280103,16.693579,9.789735
529,0.00028046143823303284,0.0023126589755217233,1.1125177,0.89678437,2.6677535,3.6743846,4.6232147,0.6038814,2.7428658,1.4124279,8.847226,12.18142,15.346266,8.884828
530,0.00018275609414558858,0.002289046843846639,0.9168614,0.77732855,1.9875654,2.9767923,3.465432,0.35917196,2.6476257,1.3924292,8.95957,12.533764,16.25062,9.087382
531,0.0001740000571589917,0.0021612277875343957,0.88802165,0.7209075,2.046256,2.7202086,3.7843933,0.35213163,2.4955566,1.2374368,8.562145,12.93237,16.294617,8.8870735
532,0.00015689793712226675,0.002492392435669899,0.8557651,0.76463854,1.9922814,2.5691404,2.8159852,0.3006014,2.6817153,1.3230819,8.484851,13.091616,15.351531,9.732384
533,0.0001981623243773356,0.002565282086531321,0.9156448,0.7446731,2.159085,3.5075126,4.4230156,0.46517146,2.8588822,1.6970351,9.321724,14.041222,17.311804,9.906007
534,0.00020907369966153056,0.002434931074579557,0.9251532,0.74755794,2.2475276,3.1367874,6.498631,0.5204535,2.7669415,1.5679684,9.126568,12.518765,15.208623,9.034925
535,0.00019581218191888183,0.002238531286517779,0.91699237,0.7512135,2.167134,3.2644424,4.437207,0.44398925,2.6214612,1.3065646,8.582523,12.521331,15.84898,9.003968
536,0.00019376465934328735,0.0023532633980115256,0.9354415,0.74964905,2.2407975,2.6578708,3.2963374,0.3909399,2.7483487,1.4369936,8.264154,12.776968,15.7425165,9.258718
537,0.0001530093530891463,0.0021906178444623947,0.84255344,0.73061365,1.9706185,2.3185873,3.703643,0.29555082,2.561475,1.3475277,8.896397,12.720244,16.124405,8.88172
538,0.00012737050652503968,0.0022302400320768356,0.76534456,0.6772422,1.7087113,2.4616985,3.1061447,0.2524568,2.6985416,1.5052567,8.210188,12.788604,15.933455,8.175705
539,0.00013183359929826112,0.0022396830221017203,0.76042455,0.6379646,1.7777538,2.6375272,4.0286617,0.28182375,2.552133,1.2026885,8.628056,13.089746,15.765787,9.151264
540,0.00016604686039499938,0.0023234964658816657,0.85632914,0.7129926,1.9517603,2.803142,4.255193,0.35873812,2.6925538,1.4179034,8.663936,13.408648,16.922073,9.184013
541,0.00013254942808998748,0.0021795338640610376,0.77020466,0.65132034,1.8099769,2.44715,3.2058287,0.2797581,2.5655313,1.179014,8.516575,12.593629,15.879663,8.844165
542,0.00012944339570822194,0.0021724707136551538,0.7650895,0.63118076,1.7174175,2.4296842,3.078098,0.26861125,2.5645344,1.1878855,7.772307,12.16499,15.541914,8.445539
543,0.00012077192892320454,0.0022204493482907615,0.7325244,0.6106975,1.7159581,2.415989,3.7685788,0.2542445,2.5978549,1.3458021,8.169446,13.024751,16.085157,8.705523
544,0.0001419681659899652,0.0021487530320882797,0.7772198,0.63025004,1.8466088,2.985214,3.3637135,0.32016066,2.532145,1.2523301,8.794409,12.340257,15.310196,8.709723
545,0.0003169868770055473,0.0033158560593922934,1.0647346,0.8416293,2.421843,4.824598,9.581561,0.951994,3.5058877,2.1011925,10.518546,13.493933,17.971539,11.24631
546,0.0005148790776729583,0.002425162121653557,1.4109523,1.1900898,3.1386254,4.8740306,13.345055,1.4042342,2.8024232,1.758464,8.841954,14.933187,16.818527,9.287526
547,0.0004025978883146308,0.0024708937853574753,1.2471731,0.99975514,3.181492,4.465941,12.068051,1.104154,2.7757516,1.6063888,7.9748755,13.796132,18.082973,8.988754
548,0.0002980806049890816,0.0023473681261142096,1.1159823,0.94315326,2.4508228,3.9148033,9.503488,0.7160689,2.8722267,1.81003,8.049576,13.306254,15.62816,8.759653
549,0.0002652713085990399,0.0020453594624996185,1.0950931,0.924927,2.469487,3.7586327,4.5903893,0.54470897,2.588634,1.6169045,7.686888,12.2129755,15.904384,8.010081
550,0.0002163576049497351,0.0022128733495871225,0.9932402,0.8713301,2.0448148,2.9683137,6.8618703,0.43908438,2.5935788,1.3832248,8.741687,12.221935,15.777899,8.504112
551,0.00017864195222500712,0.002000154306491216,0.904441,0.75433284,2.028447,2.8520088,4.479121,0.3602436,2.4313037,1.0493443,8.392056,12.808741,15.60686,8.3835945
552,0.00014089093761867843,0.002153125281135241,0.8173192,0.7370134,1.7364533,2.2473786,3.31263,0.2619133,2.5625272,1.4093534,8.678477,13.02312,15.297659,8.811348
553,0.0001307101093698293,0.0021050026019414267,0.7702368,0.6655847,1.7756336,2.2678993,3.575879,0.25939846,2.5950654,1.229624,8.287519,12.506307,14.0312195,8.141826
554,0.00013112037268001587,0.002199159935116768,0.77442485,0.66263825,1.7117293,2.6098628,2.8833046,0.25899667,2.6742535,1.3686094,8.514106,12.428981,15.1381645,8.383179
555,0.00011664246150758117,0.0021966534356276193,0.7291992,0.59413195,1.6914897,2.2700512,2.3750398,0.23412874,2.5086536,1.1740319,8.058856,13.924463,17.382381,9.240977
556,0.0001388731598854065,0.0022338529427846274,0.79284286,0.66529065,1.7539488,2.506028,3.42005,0.2811645,2.556065,1.4521577,8.166664,13.805524,17.08244,9.067579
557,0.00016018656606320292,0.002121126279234886,0.833448,0.70831174,1.7921991,2.1715631,6.8683267,0.35652202,2.5060039,1.285208,8.834017,13.4382715,16.703669,8.946385
558,0.00016160205006599427,0.002176867797970772,0.8589759,0.74204075,1.9812666,2.6622443,3.0055027,0.32314947,2.6161137,1.6413345,8.761945,13.810858,16.071087,8.5960655
559,0.00021406609332188964,0.0021469021836916604,0.9574176,0.7722776,2.1510012,3.3654583,5.721321,0.49115232,2.6232255,1.575387,8.731575,13.500848,15.122385,8.287056
560,0.00015113467234186828,0.0021449923515319824,0.82471186,0.7013713,1.9284513,2.6114767,3.4116242,0.31137526,2.6404958,1.5952697,8.96198,13.295231,14.876689,8.273349
561,0.0001856293820310384,0.0022461762030919394,0.88132244,0.69323343,2.2040768,3.315196,4.6593843,0.4301112,2.685393,1.468469,8.5959635,13.170803,14.678465,8.614067
562,0.00019905662338715047,0.002456688011686007,0.9431898,0.78284705,2.2437255,3.0944653,3.7402067,0.41723934,2.648431,1.3433372,9.119176,14.997137,16.762384,10.109736
563,0.00014056425832677632,0.0022650628040234246,0.80792254,0.6807005,1.7796274,2.4147706,2.6371524,0.26982808,2.5700989,1.1461303,8.868217,14.7041445,17.162535,9.522699
564,0.00011147621728014201,0.002180225526293119,0.72363037,0.63489,1.5917122,2.031153,3.678977,0.20567602,2.5369442,1.3012536,8.4984665,13.847041,16.31239,9.173649
565,0.00010928879579296336,0.002212879558404287,0.6901382,0.58717495,1.5027117,2.3066669,4.0892606,0.24363041,2.5854127,1.2097826,8.891582,13.195596,15.089794,8.981197
566,0.00011774763464927673,0.0021189283579587936,0.7280292,0.607807,1.780308,2.2696705,2.867169,0.2458621,2.4842343,1.1569395,8.340315,13.314804,15.462425,8.752258
567,0.00011700703587848694,0.0021470561623573303,0.72343254,0.6351981,1.5743766,2.4551215,2.943175,0.24300446,2.55364,1.4414676,8.18704,13.760223,16.013525,8.829565
568,0.00011316297168377787,0.002253469700614611,0.71424675,0.58717495,1.7456167,2.1903849,2.6538005,0.2349681,2.692692,1.6748545,8.734239,13.399264,16.289661,8.713205
569,0.00012420537386788056,0.002231283113360405,0.73368806,0.6036073,1.7576009,2.4199286,2.7489414,0.28046146,2.6059983,1.4850059,8.255197,13.865273,15.478187,8.962467
570,0.00013993246073368937,0.0022441564748684564,0.8026571,0.69661236,1.8379505,2.4987173,3.3243704,0.27711126,2.6222408,1.2022257,8.230004,13.285588,14.921822,9.22487
571,0.00010345219430746511,0.0022105115155378976,0.68330365,0.5888388,1.6033399,2.1217997,3.2101617,0.21233155,2.5899892,1.4531988,8.047866,12.802923,14.409704,8.817526
572,0.00010125804401468485,0.002061023066441218,0.6870768,0.61293626,1.5003959,2.1291478,2.7973635,0.1915342,2.4243674,1.210424,7.6888247,13.509106,16.52858,8.768821
573,0.0003438616028870456,0.0020782767484585443,1.159135,0.87581,3.009239,4.188389,7.695492,0.92879903,2.643634,1.3733914,7.3832426,13.366149,14.929419,7.445185
574,0.00043966693454422056,0.0025259355703989663,1.3397075,1.1388357,3.0174344,4.796763,9.9032755,1.0982829,3.0463223,2.2738547,8.721125,11.696879,15.06891,7.1348834
575,0.0012113774847239255,0.003952503204345703,1.9420923,1.5198125,4.830579,9.751932,19.97804,4.1634936,3.5893533,2.5038507,11.856427,13.91975,19.306936,12.691999
576,0.0006382561312057078,0.002151455730199814,1.5719715,1.2719553,3.427402,5.1125145,17.868382,1.7388427,2.548032,1.3732574,6.3608065,12.866195,16.547403,7.9873977
577,0.0007095381733961403,0.003772847975293795,1.6103084,1.2805417,4.0319057,7.306924,14.30661,2.0896537,3.2472577,1.8368983,10.185599,17.720808,20.002077,14.327823
578,0.0007077724905684591,0.0027006485809882483,1.6639764,1.2617604,4.0817814,6.900021,10.1521635,1.888036,2.8709888,1.6846958,8.276396,13.777319,13.859256,9.928548
579,0.00040511181810870767,0.0026446040719747543,1.2927479,1.0957512,2.989491,5.1261024,7.730302,0.99398583,2.7585988,1.4922419,7.7945724,18.228643,18.61641,11.905464
580,0.0002489176392555237,0.0027066568533579507,1.0767844,0.9325121,2.4390657,3.2687604,4.6951923,0.4795483,2.8265476,1.3128607,8.932333,16.071295,17.005518,11.532856
581,0.0001916511816671118,0.0026814639568328857,0.9562712,0.8285071,2.049276,2.776852,3.7247832,0.34298643,2.8812459,1.5221114,10.452107,14.826803,16.534424,11.33881
582,0.0001774786988971755,0.002632413680354754,0.91654825,0.78981483,2.0109456,2.6299958,2.9995697,0.32688424,2.783365,1.236493,8.659603,15.83064,16.485598,11.199946
583,0.0001454059552634135,0.0025376187016566596,0.81690174,0.68414134,1.8312,2.470785,3.2819328,0.2851454,2.7199233,1.412188,8.26732,15.937856,16.004843,10.931168
584,0.00012412705109454691,0.0025639074544111886,0.7784421,0.7179156,1.6374145,1.9277375,2.7462342,0.20982485,2.7568803,1.1880289,7.8919234,16.407642,16.740665,11.190031
585,0.00011380120005924255,0.0025557130575180054,0.719005,0.6045791,1.6349428,2.1303997,3.6942737,0.22799848,2.730223,1.3227704,8.137689,16.113228,16.22645,11.1911955
586,0.000135917296865955,0.0026240088045597076,0.79326886,0.7066522,1.789625,2.3499048,3.2163763,0.2600117,2.8041842,1.408053,7.928733,16.212534,16.444208,11.38264
587,0.00012459651799872517,0.002583872526884079,0.7589442,0.6471007,1.6996375,2.3503315,3.2650673,0.24292503,2.8104281,1.7079301,7.8300066,15.861087,16.142744,10.689432
588,0.00011638556548859924,0.002456989139318466,0.72945267,0.62713766,1.5415395,2.4485986,3.3280785,0.2260939,2.720174,1.4522913,8.724452,14.332529,15.456661,10.362863
589,0.0001270398613996804,0.0024150156726439795,0.7676267,0.64891243,1.6766082,2.216555,2.748443,0.23957802,2.6380632,1.3260689,8.795656,14.966344,15.303999,10.58712
590,0.00010580600472167135,0.002428904796640078,0.70485675,0.62432325,1.5690128,2.2079356,2.7944229,0.19724831,2.6572607,1.2050574,7.856149,15.181434,15.491912,10.478616
591,0.00010113439901033417,0.0025178653498490653,0.67786974,0.5605794,1.5734427,1.9728549,3.0258856,0.20573343,2.71209,1.3550599,8.759684,14.432539,15.712682,10.65252
592,0.00010954566881991923,0.0025191704432169595,0.6971892,0.5814822,1.6696659,2.3662093,3.165577,0.23140173,2.701236,1.3764782,8.570912,14.920499,15.279759,11.027835
593,9.601599915185943e-05,0.002485015739997228,0.65827614,0.56717277,1.4933066,2.2438097,3.3826349,0.19581696,2.6865814,1.3546937,7.9135485,14.947084,15.242744,10.76267
594,9.889851440675557e-05,0.0025557012607653937,0.65886635,0.5442861,1.4793273,2.0486248,3.7929213,0.20777294,2.7715623,1.5204496,9.015255,15.25644,15.503707,10.997235
595,0.00011566516302991659,0.002558598294854164,0.6994597,0.5760729,1.5776588,2.7368531,4.09376,0.26689798,2.758267,1.4659228,8.652143,14.840767,15.7328205,10.938076
596,0.0001159848616225645,0.0025054545452197394,0.7360878,0.6501175,1.5027158,2.1298673,3.6022835,0.21898319,2.6632183,1.3114934,8.326323,15.22929,15.755261,11.059098
597,0.00011747596377972513,0.0025695754836002984,0.7162118,0.61357445,1.659323,2.496157,3.1191638,0.25584245,2.7203944,1.401226,9.81361,15.295637,16.486103,11.290771
598,9.951929649105296e-05,0.0024791229516267776,0.68050236,0.5914913,1.4980209,2.2118738,2.932781,0.19010805,2.6994529,1.2040751,9.2555685,14.026165,14.726192,10.72011
599,8.891525183571503e-05,0.002422181268533071,0.6351756,0.5503638,1.4783432,2.007754,2.60872,0.18095179,2.703929,1.4963841,8.690707,13.685479,14.115332,10.319509
600,7.953374471981079e-05,0.0025197590390841165,0.601112,0.5166201,1.3754969,1.8666254,2.35052,0.15860115,2.8086011,1.4922042,8.590248,14.761338,15.796226,10.2842045
601,8.670327777508646e-05,0.0025505144149065018,0.62615335,0.5147229,1.4965855,2.0525603,2.373391,0.17272969,2.7608235,1.2501143,8.994506,14.492497,16.55263,10.84351
602,0.00012152951501775533,0.0023038343836863837,0.7454083,0.61484873,1.7250742,2.4604003,2.7195895,0.243657,2.6110904,1.1688405,9.250366,13.956252,14.0293455,9.708738
603,0.00010624838570947758,0.002466704696416855,0.7022281,0.6106975,1.5665083,2.0112038,2.635816,0.20749371,2.7140553,1.3700936,8.901643,14.05719,16.011444,10.5158825
604,0.00012419004866387695,0.0025891829282045364,0.75114316,0.6318005,1.6493486,2.277574,3.8660426,0.2483661,2.8430424,1.3732157,8.435723,13.867019,15.510044,10.755167
605,0.000125463719596155,0.0025049553563197455,0.76391786,0.6519209,1.7931939,2.308505,2.7550583,0.24407728,2.735062,1.3812561,9.455618,13.685978,15.743057,10.514936
606,0.00010180421755649149,0.002420421689748764,0.67845756,0.58483756,1.5044625,2.2807071,2.9315794,0.20853312,2.720439,1.5514758,9.771073,13.846109,15.64439,10.239432
607,0.0001074307126691565,0.002368642638127009,0.69224614,0.61580276,1.6106548,2.280675,3.4394588,0.22381346,2.6631749,1.3258377,8.197296,13.613245,15.195637,10.022376
608,0.00010110892937518656,0.002451971173286438,0.6702275,0.5581307,1.4736626,2.4722333,3.2370052,0.21631013,2.7086978,1.3784549,8.393705,13.582605,15.303495,10.13339
609,0.00010804860648931936,0.0024022944271564484,0.6973826,0.60587233,1.6085392,2.1892347,3.4671266,0.2246724,2.650797,1.3765616,8.142377,13.987596,15.428984,10.508331
610,9.041623445227743e-05,0.002494878446062406,0.647472,0.5510744,1.3975964,2.1125064,2.5717678,0.17404799,2.679249,1.2840796,8.885033,13.811902,16.025467,10.9068575
611,8.491973479976878e-05,0.0025613754987716675,0.62980205,0.5293412,1.3568325,1.9791491,2.5795195,0.15979579,2.7659423,1.6495862,9.926453,14.826947,15.335011,10.742426
612,9.709948528325186e-05,0.0024537164717912674,0.66533893,0.5814822,1.4744514,2.1630936,3.1435459,0.19559585,2.6891117,1.3054233,8.589099,14.475259,16.458836,10.542457
613,0.00010772880457807332,0.0024762613077958426,0.70622396,0.598071,1.5590242,2.2195396,2.6288264,0.21123837,2.7440426,1.3938283,8.44908,13.973143,15.324804,10.3713
614,0.00010837651236215606,0.002481830616792043,0.71295106,0.6192882,1.4733667,2.1524997,3.0020485,0.20315857,2.7451375,1.5114272,8.844452,13.816853,15.930284,10.326281
615,9.345493657747283e-05,0.002299231787522634,0.63199943,0.51052403,1.4796981,2.213744,2.8630698,0.21566412,2.6235802,1.5271183,8.346119,13.742827,15.904021,9.76645
616,8.203057164791971e-05,0.0023389638712008796,0.61536604,0.5315545,1.3505105,2.0188425,2.7954736,0.16054736,2.6168332,1.3270078,8.6593685,13.716686,16.32277,9.907149
617,9.411441598786041e-05,0.002249753102660179,0.63170135,0.55390763,1.3073027,1.8696688,5.8214717,0.2186449,2.543967,1.1649873,9.418732,13.08897,15.999319,9.505364
618,0.00012852164451032877,0.002492543930808703,0.7403386,0.6000308,1.7485402,2.5702407,4.007559,0.2929891,2.7904518,1.6822611,9.650182,14.239961,16.311636,9.732007
619,0.0001288870323332958,0.0024001256873210273,0.7610366,0.6443735,1.7791164,2.5909076,3.1419888,0.26848975,2.5910573,1.2039778,8.560172,13.970539,16.924795,10.570328
620,0.0001269616303034127,0.0023752028743426004,0.74902636,0.6293179,1.6433793,2.707362,3.9577494,0.27496788,2.6085434,1.3991536,9.028141,14.223257,16.247458,9.990853
621,0.00025480678537860514,0.002689458429813385,0.9956883,0.8423265,2.3371727,4.413797,7.1937194,0.66675305,2.944517,1.5068419,10.380819,13.315051,15.801958,10.683395
622,0.00017540282919071616,0.0023752134293317795,0.9078886,0.75069237,2.0467863,2.6454587,3.5173604,0.32958305,2.6273885,1.4815987,8.289046,14.920736,17.193304,9.685508
623,0.0007025480549782514,0.00314557117720445,1.6085774,1.2636201,3.9792256,6.9690027,11.469374,1.9617351,3.0043786,1.6170053,9.834388,14.539759,18.54389,10.897219
624,0.0013343775318935514,0.0035397366931041083,2.101555,1.5156864,5.608195,10.938375,19.64159,4.3438087,3.8715618,3.1781306,10.963038,15.200549,17.442934,10.034422
625,0.002052407553419471,0.003241365154584249,2.5179493,1.8284196,6.7013416,14.070984,28.156666,7.211853,3.287153,2.4422393,9.672203,14.029206,19.392588,10.1631155
626,0.0015314440545625984,0.002154739573597908,2.3211193,1.7299744,5.4849653,9.821933,27.880848,4.769017,2.5929744,1.7574558,7.7394223,15.244018,18.690798,8.965973
627,0.000764836899470538,0.0026651484270890555,1.7189081,1.3208616,4.1605544,6.780504,12.795471,2.0796008,3.0377789,2.0335867,8.145698,13.005514,16.61922,9.246585
628,0.0005881680548191071,0.002417660007874171,1.5600231,1.3295739,3.909979,5.266926,11.129035,1.4450431,2.833439,1.7088227,8.052481,15.298152,16.236383,9.005931
629,0.00044161241967231033,0.0027314449350039163,1.3804052,1.1730314,3.2045658,4.4098053,10.3252535,0.9877725,2.9483669,1.4772134,9.149724,15.562825,17.148178,11.103156
630,0.0003047153470106423,0.0023406955103079477,1.1915697,0.9707583,2.6585717,3.4814184,4.437693,0.57887626,2.666955,1.4012957,8.758994,15.138952,17.236322,9.94885
631,0.000277432604925707,0.0023841274281342826,1.113665,0.94253063,2.4074526,3.6526473,6.3909564,0.58513075,2.7036846,1.3560773,9.031757,13.085755,15.286108,9.651265
632,0.00023781190742738545,0.002390605707963308,1.0550115,0.926618,2.3138275,3.0896814,4.3372507,0.4473868,2.6801283,1.6033156,7.7120566,15.095299,18.246338,10.174681
633,0.00021997985953930765,0.002271683265765508,0.99834484,0.82732534,2.3987515,3.0428112,4.5985746,0.45165348,2.6823826,1.597839,7.9412894,14.04157,17.186,9.380225
634,0.00020319496223237366,0.0022749615212281546,0.95015514,0.7710096,2.2452834,3.273623,4.1385784,0.4374926,2.623348,1.4651272,7.9520297,14.774954,18.160751,9.804072
635,0.00017226983734872192,0.0024866641809542975,0.9107587,0.8336869,2.0016723,2.462812,2.7781944,0.29839504,2.7653997,1.495287,8.456956,14.985793,17.998447,10.276311
636,0.00016720753454137593,0.0023603197187185287,0.8805618,0.73248607,1.9750847,2.8764663,3.301204,0.32149458,2.7302952,1.616719,7.667688,14.067601,17.09405,9.757622
637,0.00016253729292657227,0.0022139567881822586,0.875379,0.7727842,1.8990847,2.529328,3.0617094,0.30136523,2.5590882,1.3821014,7.4793377,14.791963,17.645681,9.496305
638,0.00015012596675660462,0.0022746827453374863,0.8160135,0.69520646,1.907045,2.5853508,3.6244998,0.32191727,2.6949878,1.6130707,7.7073307,14.412494,17.54236,9.284977
639,0.0001452048128703609,0.0023299232125282288,0.8280528,0.7327531,1.7595882,2.697429,3.1388717,0.2646462,2.6924229,1.4326253,7.9131117,14.852278,18.26436,9.836956
640,0.00011032101057935506,0.0022007556011279425,0.70738393,0.57878387,1.5345001,2.2350588,3.0070004,0.22471632,2.62802,1.5873164,7.4346776,13.545569,16.416027,9.15587
641,0.00011090155981946737,0.0022624793152014413,0.7193725,0.63612163,1.6401775,2.1072187,2.9699247,0.21213904,2.6667616,1.4067242,7.941525,13.862551,16.728851,9.150596
642,0.00014807867351919414,0.002317547177275022,0.8215862,0.71682453,1.7744153,2.7219238,3.393268,0.2905349,2.6163201,1.2428294,7.916597,14.741156,17.457226,9.789638
643,0.0001325681578600779,0.0021873097866773605,0.7814545,0.6608641,1.797712,2.3062944,2.443284,0.25503078,2.574572,1.2518971,7.655156,14.327049,17.15759,9.117368
644,0.00011674742330797016,0.002215192342797915,0.7488891,0.6428533,1.588906,2.139474,2.471797,0.20225218,2.593449,1.3682818,7.928411,14.551975,16.700058,9.361584
645,0.00012335176666965707,0.0022243273754914603,0.7570621,0.6632286,1.5752083,2.4509742,4.0356073,0.23834614,2.5538263,1.2565985,8.590403,14.640384,16.22029,9.410932
646,0.00010955225967336446,0.00222770186762015,0.7211266,0.6495153,1.5658925,2.2467968,2.5863397,0.19963646,2.604261,1.5875218,7.8035445,14.31165,16.433613,9.214598
647,0.00011426934855990112,0.0021549034863710403,0.73669326,0.6644077,1.5659305,2.3254278,2.878616,0.20785019,2.5827534,1.4953346,7.500485,14.066776,15.813377,8.743321
648,0.00010925101581960916,0.0023208570977052054,0.7232165,0.63489,1.4336718,2.0260706,4.293362,0.19321455,2.6375785,1.4101667,8.387706,14.694285,16.53932,9.519885
649,0.00010824992117704824,0.002360241487622261,0.692864,0.5801346,1.6067128,2.1692808,3.2383354,0.23303713,2.764871,1.4518824,8.389268,14.494899,16.627886,9.163796
650,0.00010939778061583639,0.002222202097376188,0.68721664,0.5581307,1.6587349,2.2388203,2.6988537,0.22914723,2.595174,1.3760858,8.60631,13.88712,15.611621,8.896041
651,0.00012765952036716043,0.0021934124330679574,0.74686444,0.6036073,1.7648643,2.3623936,4.1838536,0.2811486,2.559459,1.2626023,7.835736,14.319308,16.767216,9.143404
652,0.00010720589983975515,0.002245227495829264,0.6952341,0.5947902,1.6486766,2.2584298,2.6847463,0.22208299,2.591088,1.3141224,8.016205,14.132071,16.834631,9.550369
653,0.00010965849389322103,0.002301915859182676,0.71424824,0.602634,1.5945712,2.1413496,2.8572521,0.2077134,2.6160107,1.2695553,8.068589,14.092876,16.725067,9.579483
654,0.00010152047645533457,0.0022514654944340387,0.6899176,0.6221254,1.5007637,1.9409585,3.2254934,0.19286159,2.6037984,1.5071163,7.856774,14.323141,16.944082,9.501148
655,0.00011544905020855368,0.0021674701323111853,0.72693026,0.6173895,1.6647081,2.0268977,3.6579473,0.22908638,2.5616627,1.4254698,8.087378,13.775887,16.470764,9.020394
656,0.00010304847615770996,0.0022334673752387366,0.6938166,0.6019843,1.4614979,2.0107422,2.9960434,0.19568002,2.5720396,1.399314,8.288342,14.46349,16.978605,9.400307
657,8.352994918823243e-05,0.002233300358057022,0.6244645,0.54965216,1.3511509,1.7340816,2.2112508,0.15413867,2.6100965,1.3600376,8.098167,13.788194,16.070211,9.178587
658,8.135975571349263e-05,0.0022069557259480157,0.6203446,0.54679686,1.297159,1.6672325,2.7865665,0.14986272,2.4950664,1.2722223,8.413154,15.021736,17.084682,9.648399
659,9.54624667065218e-05,0.0021406865368286767,0.67280304,0.5654451,1.452624,2.1847923,2.4140294,0.17431515,2.4758701,1.1591172,8.000692,14.169964,16.605375,9.403358
660,9.05734533444047e-05,0.002144288271665573,0.62313265,0.5278605,1.4981511,2.2627761,2.6279328,0.20481887,2.571173,1.4320989,7.8111935,14.530123,16.745632,8.87147
661,8.817080146400258e-05,0.002261608839035034,0.63672996,0.562322,1.3524758,2.219938,2.798553,0.17235875,2.6130033,1.4187329,8.465675,14.477248,16.834538,9.413386
662,9.876271855318919e-05,0.0022244068483511605,0.64343214,0.5311863,1.464638,2.271415,3.2667458,0.23762557,2.54547,1.3159337,7.8825583,14.233626,17.641434,9.620842
663,8.694824122358113e-05,0.002109124635656675,0.6408569,0.5581307,1.4002821,1.8020726,2.652251,0.16167158,2.4759426,1.2784808,7.619898,13.854917,17.413061,9.107434
664,9.251557872630656e-05,0.0023151890685160956,0.6349405,0.5553189,1.4485313,2.1996398,3.6114035,0.20476906,2.6770382,1.3893139,8.145225,13.932698,16.88371,9.204869
665,8.971740433480591e-05,0.0021556528906027475,0.6576535,0.5875081,1.4017992,1.9060444,2.2985692,0.15850532,2.527617,1.3073847,8.006786,14.473606,16.916405,9.193199
666,7.676781387999654e-05,0.0021432129045327506,0.5937938,0.5109072,1.3118682,1.7447823,3.1194777,0.1504273,2.5859299,1.4163,7.693815,13.711988,16.208696,8.711956
667,8.084221539320425e-05,0.0022435865054527917,0.60551023,0.5097569,1.4659634,1.9255699,2.2100997,0.16370666,2.6225932,1.3962388,7.8370605,13.999836,16.55282,9.235477
668,0.00010261242219712585,0.0022839587181806564,0.68999016,0.59347284,1.645371,2.1153643,2.6422691,0.19754298,2.647539,1.2940346,8.083904,14.203718,15.988065,9.357662
669,9.101906674914062e-05,0.0022019768754641214,0.6582849,0.5781073,1.3753209,1.9350713,2.538059,0.15961112,2.594131,1.4347517,8.037275,13.525095,16.031404,9.021178
670,8.466029423289001e-05,0.0022317940990130105,0.63021505,0.54679686,1.4080675,1.8249816,2.1070075,0.15875962,2.5658822,1.3048565,8.040602,14.172959,16.590765,9.221337
671,7.90025753667578e-05,0.0022901476671298346,0.6161998,0.55178404,1.3480474,1.7763438,2.0281575,0.1400161,2.5852618,1.3202993,7.924807,14.503949,16.852121,9.424524
672,9.295226307585835e-05,0.0023715111116568246,0.656121,0.56855106,1.4683886,2.179065,2.798273,0.18099499,2.711029,1.3871939,8.603478,14.262423,16.890976,9.730376
673,8.911812561564147e-05,0.00221115971604983,0.6322784,0.53302497,1.4193504,2.176011,2.3169732,0.18506475,2.5818853,1.3723056,7.774248,13.732185,16.82517,9.142928
674,7.01947626657784e-05,0.0021211554606755576,0.5801307,0.5203939,1.2456805,1.5000739,1.8469497,0.123791166,2.5114102,1.1974587,7.8508263,14.153773,16.235834,8.930809
675,7.758105057291687e-05,0.0021828971803188324,0.5998217,0.52339333,1.3273602,1.8332868,1.9736772,0.14896205,2.5982437,1.3717377,7.5649753,14.464436,16.149557,8.776994
676,7.856445823563263e-05,0.0021564134707053504,0.58273584,0.49967703,1.3974084,2.0667536,2.8400729,0.17683022,2.5119574,1.2219231,8.017183,14.747452,17.309565,9.307466
677,8.866023563314229e-05,0.002225669721762339,0.63543826,0.5503638,1.469906,1.9705436,3.223672,0.1787678,2.525951,1.3593929,8.0881,14.795966,16.986156,9.376091
678,0.00010137396398931741,0.002285421515504519,0.6597027,0.5719823,1.3806626,2.0417588,4.636246,0.21647194,2.6697154,1.339036,8.425196,14.484009,17.512253,9.197283
679,0.00010414438758743927,0.002301253999272982,0.6837893,0.5637122,1.5943354,2.287956,3.2511268,0.21577951,2.73674,1.713355,8.261346,14.103817,17.154686,9.345238
680,0.00012015233834972606,0.00230138065914313,0.74186075,0.63642913,1.7294011,2.3167007,2.6647677,0.24081753,2.8018687,1.8882368,7.7741785,15.401218,17.575481,8.664157
681,0.00013275501842144877,0.002148602157831192,0.75672203,0.6255756,1.7756999,2.7846744,3.3755083,0.29702112,2.5217354,1.4612137,8.228443,14.46618,15.921197,8.9240265
682,0.00010475555289303884,0.002232092743118604,0.6805174,0.57878387,1.6113583,2.3604681,2.8512857,0.2264123,2.5981598,1.1444445,7.8409457,14.227427,15.8239765,9.424883
683,9.313312883023172e-05,0.002185105656584104,0.65667343,0.5875081,1.4482893,2.0026813,2.7916899,0.17904997,2.5368316,1.2126468,8.023927,14.797586,16.364822,9.053995
684,8.793630287982523e-05,0.002140235776702563,0.6304075,0.5553189,1.447234,1.9769014,2.7813632,0.17935207,2.557317,1.2882738,8.276697,14.1551695,16.031614,8.815785
685,0.00011845129076391458,0.002132819965481758,0.7325113,0.61293626,1.7094213,2.2203305,3.1127555,0.24072167,2.5339131,1.3863287,8.584459,14.924105,16.608278,8.863832
686,9.839415550231933e-05,0.0022139747937520346,0.66362613,0.57539314,1.6909568,2.1346376,2.6154644,0.20616668,2.5478268,1.2180567,7.6554265,14.325921,17.29311,9.104595
687,0.00010771939414553345,0.0023427040626605353,0.70367295,0.607807,1.5910448,2.1784904,3.3304307,0.21005026,2.5777228,1.3990786,7.820964,15.154792,18.182741,9.948501
688,9.15600819280371e-05,0.002176842341820399,0.65263045,0.5553189,1.4200408,1.9437686,2.7977135,0.17465729,2.565927,1.3644733,7.290135,13.652902,16.051758,8.595656
689,8.507326245307922e-05,0.0022496525198221207,0.6005938,0.5097569,1.3506879,1.8884093,5.078406,0.19977506,2.597625,1.4169751,8.160756,14.841525,17.09621,9.344269
690,8.889074553735554e-05,0.0024212257315715155,0.6222908,0.5185104,1.3274112,2.049911,3.8184419,0.19463012,2.6202574,1.3402091,7.9718485,14.74226,17.782131,10.406825
691,9.30274449638091e-05,0.00230464960138003,0.6475311,0.56717277,1.3795303,1.7948558,4.6010876,0.19262123,2.5633688,1.3010917,7.907517,14.466118,17.114254,9.883838
692,7.859747012844309e-05,0.0023666471242904663,0.6014713,0.5293412,1.3567569,1.866505,2.3743804,0.15381567,2.63932,1.5159417,8.203693,14.572262,16.525398,10.003441
693,8.900986285880208e-05,0.0024836926410595575,0.6182494,0.5173771,1.4159139,1.9657391,4.266087,0.20226294,2.684493,1.3995783,8.219591,15.155762,17.736666,10.423222
694,9.039759635925292e-05,0.002271713068087896,0.6492862,0.57369024,1.5033363,1.9199094,3.0902848,0.16999738,2.571881,1.2743025,7.7869835,14.643853,18.051964,9.981038
695,9.870306821539998e-05,0.0023563969880342484,0.66213536,0.5252593,1.4930034,1.9841406,3.039699,0.20977159,2.6695907,1.2634494,8.342206,14.649368,16.890423,9.614871
696,7.364271936239674e-05,0.00232501948873202,0.5717952,0.47477752,1.298899,1.8024389,2.8030257,0.15504606,2.5815554,1.4531038,8.564489,15.324884,17.555317,9.931034
697,9.120053990045562e-05,0.0024479894588390985,0.6265808,0.52189577,1.4861628,2.3859355,2.9506152,0.20643432,2.7049549,1.2938949,8.539784,14.7598715,18.726955,10.427247
698,0.00012440296326531096,0.0024988334625959396,0.7404224,0.6202354,1.6923763,2.5443347,3.7197857,0.26983818,2.7354107,1.5905864,8.672467,14.581474,16.38746,9.540941
699,0.0001881164888618514,0.002323692664504051,0.902257,0.72550714,2.1704404,3.1703322,4.684625,0.42261395,2.7301571,1.6170703,8.075533,14.716728,17.007595,9.255112
700,0.00016939147171797232,0.0023835009584824243,0.89296484,0.7636142,2.0083237,2.5397038,4.201044,0.3173105,2.6298172,1.3571773,7.126533,15.505563,17.064375,10.131053
701,0.0001229673853958957,0.002575894817709923,0.75240195,0.63612163,1.6668769,2.396434,2.8945527,0.2426252,2.8282692,1.7716255,7.9469953,14.937917,18.424465,9.902364
702,0.00011349550826707855,0.0023928446074326835,0.7256419,0.6255756,1.6325829,2.1889133,2.7293608,0.22004765,2.70935,1.2791651,8.522598,13.975569,16.478,9.663912
703,0.00010500807024072855,0.0024002318580945334,0.68769205,0.5845029,1.5034809,2.1875138,3.5163584,0.21523418,2.6852803,1.4952612,8.534223,14.646233,17.339851,9.659985
704,0.00011800825595855712,0.002371685579419136,0.72770786,0.63118076,1.5442675,2.2325797,3.410591,0.23856877,2.6133845,1.3202274,8.582084,15.305076,17.006824,10.106153
705,0.0001028852051240392,0.002400470276673635,0.68725276,0.59215254,1.5264144,1.878901,3.7450724,0.20325457,2.6530092,1.2391207,8.802099,14.799604,17.877773,10.070951
706,9.473475132836029e-05,0.0023391873886187873,0.64808714,0.5521385,1.4957854,2.051622,3.116087,0.20263764,2.7192454,1.5560997,8.363484,14.026988,15.513568,8.798023
707,0.00010365300462581218,0.002369521806637446,0.6763198,0.5730077,1.6142309,2.3300686,3.0487661,0.22262569,2.6152723,1.2542117,8.114557,14.957983,18.321352,9.944838
708,9.543368476442993e-05,0.0023568167040745416,0.6731981,0.5811455,1.4332391,2.0954251,2.5440671,0.17251356,2.6368473,1.2707074,8.237959,15.27672,17.979252,9.9106045
709,9.073047694982961e-05,0.002474083254734675,0.6394678,0.5464389,1.4014567,2.2109358,2.5051467,0.18829852,2.7044885,1.4225365,7.655359,14.529257,16.739859,9.269458
710,8.862955088261515e-05,0.002214594433705012,0.6412097,0.55778,1.4386894,1.8679463,3.1720638,0.17199264,2.6066723,1.3219984,7.8042383,14.858722,16.869335,8.682945
711,8.801353673334234e-05,0.002338409423828125,0.6341104,0.5286014,1.5037742,1.8645484,2.566282,0.1777986,2.596696,1.3444958,8.3338995,14.223197,17.23042,9.949971
712,8.624354260973632e-05,0.0023911272486050925,0.62995905,0.54176366,1.4615766,1.9879211,2.6018834,0.16724917,2.6588502,1.451339,8.2952385,15.572521,17.505238,10.069507
713,8.619771571829915e-05,0.002258162945508957,0.6317294,0.54751205,1.4123069,1.8954327,2.1662726,0.16770492,2.6029308,1.6539259,7.5622034,15.326348,18.355867,9.625734
714,9.230057781678625e-05,0.002335204432408015,0.6680588,0.5993782,1.4219989,1.7903857,2.0649748,0.16163848,2.595065,1.2871467,8.387463,14.45833,17.95096,10.025602
715,8.215430891141296e-05,0.0021343684444824853,0.61421907,0.5308178,1.372106,1.8005309,2.7325146,0.15573664,2.5426464,1.4458618,7.410251,14.575021,16.826529,8.763023
716,9.547465131618083e-05,0.002275673051675161,0.65110105,0.57403123,1.5752921,2.0587924,3.2153413,0.20403773,2.662677,1.3669801,8.42592,14.189896,16.955832,9.190043
717,9.666549478424713e-05,0.0023657226314147315,0.66378564,0.56751764,1.4041413,2.288982,3.0468392,0.19512898,2.6562126,1.3862704,8.841591,14.671698,18.012577,9.930788
718,9.083026903681456e-05,0.0026273193458716073,0.6355573,0.55778,1.4133549,1.6796423,4.8108416,0.1880833,2.771848,1.4328296,8.373636,15.229936,17.30813,11.179731
719,0.001938486322760582,0.01223805733025074,2.3446214,1.6052282,6.9144692,11.5406475,29.254791,6.668998,7.634673,7.256736,14.568673,22.033009,26.134247,15.149107
720,0.0043986736796796325,0.005472929527362187,3.8179765,2.4617198,10.775276,18.125654,30.383976,14.445475,5.1957407,4.8519764,9.524655,13.321857,15.70042,9.043971
721,0.0022193791158497335,0.003151737774411837,2.8641336,2.0293152,7.261267,12.744551,20.036863,6.402421,3.1103435,1.7239015,10.372964,16.42524,22.4316,12.984958
722,0.001716420194134116,0.002811979502439499,2.4977465,1.7405757,7.0636034,10.7510605,19.283567,5.0743103,3.2659302,2.3499317,8.932504,15.899895,19.441177,9.793422
723,0.001476169885136187,0.0030849799513816833,2.3494978,1.8275632,5.8681984,8.775476,22.310862,4.2155066,3.4965954,2.7475317,9.800042,15.496801,20.148825,9.634825
724,0.0013867726363241673,0.0026715602725744247,2.2383559,1.6320683,5.741801,9.185913,18.393688,4.121884,3.0282412,1.9933774,9.004126,14.140967,19.334795,10.300911
725,0.0009549024840816855,0.002454272781809171,1.9582475,1.5699744,4.5928044,7.982374,11.959979,2.4074335,2.7199566,1.5200015,8.426815,15.441329,17.177202,10.556793
726,0.0006498847692273557,0.002659552420179049,1.6363976,1.3836666,3.9139664,5.494398,12.602337,1.584513,3.025625,1.8771999,9.868342,13.705542,15.114923,10.170702
727,0.0005713524390012026,0.0026334008822838464,1.5394435,1.254606,3.6334212,5.6220765,11.945732,1.3780813,2.9493704,1.7561936,11.209239,15.569536,16.516186,10.752073
728,0.0005796878039836884,0.0025303071985642114,1.5935102,1.3621435,3.567285,5.2732463,10.110598,1.2669746,2.810953,1.5566897,7.4225125,14.729036,16.642262,10.433691
729,0.0004684993182308972,0.0025087843338648477,1.4171256,1.1886091,3.3280194,4.5102572,10.587566,1.0571697,2.92255,1.6731135,8.847276,15.321067,15.930794,10.064116
730,0.0003946485894266516,0.0024331665287415185,1.3227872,1.1395228,3.2442193,4.56662,5.213309,0.8411924,2.7002904,1.381334,7.8914185,15.697714,17.478546,10.734835
731,0.00040220586233772335,0.0025884751230478287,1.3155829,1.0739253,2.9961412,4.599927,7.988269,0.9169245,2.9663703,1.4760853,8.932573,14.820368,14.933275,10.389418
732,0.00035123057139571754,0.0025091407199700675,1.260109,1.0910981,2.8725865,3.8708603,6.2220154,0.7248203,2.9418595,1.512434,8.318752,15.06748,15.416527,10.016562
733,0.00033151438692584633,0.0026292471836010614,1.2374439,1.0730139,2.5263357,4.0258446,6.176348,0.6468691,3.1098063,2.0021267,9.592935,15.604348,16.438744,9.869792
734,0.0002617416362045333,0.002439585824807485,1.0941797,0.9215358,2.5580091,3.5716844,4.567203,0.52368593,2.792436,1.5064917,8.975632,14.378669,15.453302,10.17968
735,0.0002482076792512089,0.002540615697701772,1.0572505,0.9387862,2.4939945,3.307757,4.825925,0.51416594,2.812958,1.4065993,9.546305,14.072705,16.27836,10.768348
736,0.00022353371838107705,0.0024067269017299018,1.0442408,0.93167233,2.1290543,2.9759393,3.4484978,0.37479722,2.6695232,1.2916465,9.114708,15.216858,15.393977,10.699568
737,0.0002040515618864447,0.0025743053605159125,0.95661294,0.8161333,2.1254382,3.2286546,4.3861513,0.41891888,2.7781947,1.3940622,8.858775,15.627358,16.607883,11.271135
738,0.00019032477168366314,0.0025079542150100074,0.95819336,0.85018826,1.9960172,2.8599887,3.2205126,0.32799697,2.7048821,1.4437253,9.301367,14.795271,16.043444,11.256869
739,0.00020770851289853454,0.002367184186975161,0.95407987,0.79327565,2.248425,3.2299,4.360265,0.45061955,2.6425433,1.4050763,8.046803,14.792524,15.853481,10.539236
740,0.00020756524347234517,0.002511111398537954,0.9756024,0.79745805,2.2875366,3.0370126,3.6458297,0.41617137,2.743426,1.5445703,9.16695,14.729756,16.61701,11.032204
741,0.0001553989719832316,0.0024656616151332855,0.8599569,0.78134584,1.7938765,2.7849746,3.7960691,0.2832258,2.7344637,1.2374504,8.582145,14.444632,15.871324,10.786901
742,0.0001580858463421464,0.002423372740546862,0.8601809,0.7540734,1.8519397,2.7100315,3.4429293,0.29839572,2.6998153,1.3947263,8.00271,14.243471,15.666867,10.25873
743,0.00013492588826920836,0.0024656609942515693,0.8038901,0.7391343,1.6583142,2.268621,3.431423,0.23862836,2.7028916,1.4583646,8.306672,15.059386,15.697632,10.952902
744,0.00015646242187358439,0.0025247192631165185,0.8681327,0.7720242,1.9209124,2.4464912,2.8521092,0.2685556,2.7657325,1.5068135,8.3629875,14.375448,16.588589,10.822921
745,0.00014799733588006348,0.0023921380440394082,0.83160126,0.7236167,1.8614659,2.3728154,2.934049,0.27780282,2.6453767,1.4229105,7.92351,14.797404,16.028101,10.412973
746,0.00011614154180279002,0.0024157955000797906,0.73485804,0.65908515,1.6501976,2.0597336,3.8337955,0.22271413,2.6547794,1.4202149,8.796874,13.860556,16.4754,10.575402
747,0.00012948894742294216,0.0025295640031496682,0.78117496,0.66734624,1.687275,2.2179227,3.1283138,0.24388131,2.7651794,1.6197081,8.330455,15.017281,16.146524,10.927714
748,0.00013668226543813944,0.00237236296137174,0.8159748,0.71545833,1.6633238,2.3506522,3.2377307,0.23066711,2.6301303,1.3570961,8.831886,14.678108,16.256817,10.691768
749,0.00013646969571709633,0.002434562270840009,0.75742614,0.6546167,1.6592329,2.3696847,4.769495,0.2936428,2.7060535,1.3784684,8.998926,13.802713,15.896405,10.622196
750,0.00012452158785890787,0.0024269819259643555,0.7491978,0.6549155,1.5839523,2.6512918,3.8883657,0.25639522,2.6256309,1.3509502,8.295269,15.033893,16.187294,11.081576
751,0.00010602532711345702,0.002367474759618441,0.7069448,0.6071628,1.5596083,2.032785,2.7044325,0.18998414,2.6136675,1.3476177,7.8851485,14.991891,16.020828,10.547226
752,9.335296665085479e-05,0.002465703214208285,0.6707247,0.607485,1.3675011,2.129886,3.0330584,0.16446485,2.6268458,1.2808443,8.13459,14.90606,16.968975,11.053696
753,9.455288847675546e-05,0.002427299196521441,0.6700145,0.5875081,1.4836236,1.8117864,2.9357164,0.17072663,2.7198308,1.4679003,8.524413,14.623407,16.479725,10.466121
754,7.965597993461415e-05,0.0024687889963388443,0.622887,0.54965216,1.3052392,1.6299351,2.4059892,0.13313639,2.6999009,1.3454778,8.868777,14.485759,16.231058,10.796966
755,0.00010256023379042744,0.002457698186238607,0.67361903,0.56855106,1.4915298,1.9220836,4.2611723,0.22120062,2.6764064,1.4277065,8.057239,15.318684,16.448381,10.894738
756,0.00011530309915542602,0.0024340214828650155,0.7281035,0.6339647,1.6558727,2.3285832,2.7692318,0.21702169,2.6652637,1.5646051,7.934192,15.43458,15.909815,10.7723255
757,0.0001299476739950478,0.0023370993634064994,0.7663094,0.66822535,1.8394911,2.3315313,2.8598545,0.26341715,2.67354,1.6401998,8.0954275,15.405518,16.341242,10.104403
758,0.0001251773425610736,0.00245382326344649,0.7459714,0.62588835,1.636556,2.328275,4.392934,0.26450664,2.7117987,1.2797916,9.568015,14.230542,16.313095,10.71524
759,9.850649890722706e-05,0.002494877204298973,0.65788597,0.55320066,1.505501,1.990843,3.8404298,0.21292287,2.666056,1.2945243,9.254549,14.629068,16.746462,11.226976
760,0.00010717747325543314,0.0024779842545588813,0.7038909,0.6180231,1.5388721,2.083338,3.3410542,0.2058692,2.6483958,1.4711025,8.828585,15.361996,16.728342,11.142294
761,0.00011597286094911397,0.0024961779514948526,0.7125567,0.607807,1.5638294,2.094822,4.420845,0.23765631,2.7034905,1.3626461,8.7287035,15.056458,15.950217,10.912424
762,0.00013248061906779185,0.0023900854090849557,0.7826686,0.670272,1.7811493,2.594042,2.7593179,0.2596889,2.7275784,1.6607764,9.294242,14.226591,14.968091,10.082573
763,9.63143547414802e-05,0.0023507283379634223,0.6526827,0.5388665,1.4730811,2.306618,2.4743297,0.20817004,2.5378866,1.1406357,8.492162,14.741385,16.374866,10.914865
764,8.956917212344706e-05,0.0025460335115591684,0.6599793,0.59215254,1.36498,1.7878133,2.9007678,0.15269096,2.7642965,1.6126306,9.050604,14.827566,16.02225,11.047868
765,9.46771411690861e-05,0.0024950442214806876,0.67530864,0.6010083,1.5227692,1.8962698,2.569255,0.16616663,2.684405,1.4120626,9.176044,14.997838,16.62397,11.081217
766,9.870964771835133e-05,0.002446885531147321,0.6861036,0.61357445,1.4730731,2.0208719,3.0667565,0.17858663,2.637026,1.3409405,8.66282,15.683792,16.618767,10.939024
767,0.00010627189534716308,0.002468736842274666,0.68597734,0.5699261,1.6112634,2.345001,3.2683036,0.22798137,2.6639605,1.3608954,9.476597,15.251581,16.23979,11.190978
768,0.00023075348231941462,0.003126650427778562,0.86181504,0.67839694,2.0579846,3.119584,9.743522,0.70843506,3.0825627,1.7028372,10.211443,17.4997,18.139956,12.972853
769,0.0004383908212184906,0.0029635423173507056,1.2529175,0.9485322,2.8786802,5.261891,13.91888,1.3261027,2.9206393,1.3988371,12.0973835,16.513474,17.32362,13.435455
770,0.00042885038768872616,0.0026993763943513236,1.3257768,1.0516466,3.0917737,4.1827955,11.202347,1.063276,2.8929315,1.6808252,8.016266,16.371037,19.589525,11.533289
771,0.00023075765173416585,0.002585002531607946,1.0228977,0.8609377,2.2188258,3.2077289,4.9790173,0.47477627,2.7486954,1.2919114,9.485147,14.621298,17.558928,11.27119
772,0.00017447125515900551,0.0023867705216010413,0.8861052,0.733287,2.0566442,2.9243803,3.8261266,0.35659707,2.6217597,1.3617451,8.281469,14.948278,17.13396,10.822871
773,0.00024294278991874308,0.0024908514072497687,0.8957466,0.70692915,2.1507273,2.9336207,13.76226,0.79717803,2.737257,1.3983052,8.753283,15.025567,15.250691,10.763365
774,0.00016721550113288686,0.0027057863771915436,0.8312899,0.70387775,1.7671441,3.2684622,7.724257,0.41169107,2.854629,1.6653692,9.970303,14.347385,16.782999,11.22065
775,0.0001124816678930074,0.0026134575406710305,0.73290956,0.6647021,1.5062575,2.3793824,2.6123192,0.19998379,2.7464502,1.4481608,8.412607,15.593251,16.932196,11.38559
776,0.00011392763059120625,0.0027377468844254813,0.7360102,0.6385777,1.5609685,2.0585341,2.8767796,0.20348097,2.8827527,1.5633371,10.18308,14.626959,17.190334,11.596926
777,0.00010712278599385172,0.0027349150429169336,0.68318766,0.5668276,1.7128915,2.2165716,2.9179926,0.23536955,2.8375845,1.5817652,10.278654,14.69302,16.725328,11.802449
778,9.102908472414129e-05,0.0026635204752286277,0.6644619,0.58215475,1.4987271,1.8526473,2.1742086,0.15850644,2.8476362,1.3793814,9.361275,14.773784,17.066597,11.315254
779,8.453359972918406e-05,0.002536517878373464,0.63172466,0.54031706,1.3979601,1.9003056,2.8241758,0.15467936,2.720949,1.3820753,8.466365,14.903388,16.86524,11.231916
780,9.759753971593455e-05,0.00248775507013003,0.67421734,0.577091,1.4998783,1.8779229,3.2906306,0.18532352,2.7211938,1.5621455,9.811415,14.318938,16.71982,10.863567
781,9.985811455408111e-05,0.0025466581185658774,0.67538923,0.5881738,1.5993167,2.0567477,2.61883,0.1994665,2.744627,1.5419205,8.409364,14.497316,16.742538,11.097854
782,7.63443457253743e-05,0.0024890508502721786,0.6104022,0.5322902,1.3332227,1.6093231,1.9757584,0.12988791,2.695287,1.4374187,9.193858,14.485849,17.254995,10.837701
783,7.512508687796071e-05,0.002499007930358251,0.60573447,0.564406,1.2731841,1.6025131,2.2671902,0.1272561,2.6906908,1.3920515,8.974586,14.173834,16.343718,10.908107
784,7.63144058873877e-05,0.0024630563954512277,0.5931109,0.51052403,1.3571866,1.9590516,2.6726892,0.1505245,2.660198,1.3269969,9.409111,14.062978,16.71695,10.812651
785,8.280945519800297e-05,0.0025244709104299545,0.6100626,0.5278605,1.5215626,1.8689152,2.3958805,0.17323336,2.6673033,1.4498796,8.744571,14.918818,16.792187,11.523038
786,6.944474123883993e-05,0.0026629449178775153,0.57127655,0.50124097,1.2809085,1.4922969,2.040184,0.12760551,2.7248886,1.3773909,9.401432,14.901283,17.411486,11.991679
787,7.612913846969604e-05,0.002688651904463768,0.6067999,0.53302497,1.3398072,1.6358327,2.6485586,0.13190414,2.8139281,1.4120722,9.301491,14.919355,17.048784,11.77248
788,7.362360018305481e-05,0.0025313695271809897,0.59175485,0.5359537,1.2146648,1.7176036,2.8769836,0.13082884,2.711441,1.4240638,9.30002,15.22224,16.76468,11.083283
789,7.857721589971334e-05,0.002458141495784124,0.6169685,0.5366834,1.3723876,1.7608058,2.7045772,0.13670827,2.6681988,1.458699,9.18804,14.966923,16.33425,10.958422
790,8.237101719714701e-05,0.002562748889128367,0.61411166,0.5248866,1.4112501,1.9577566,3.0278907,0.16439413,2.7374036,1.5745528,9.272394,14.501589,16.184624,11.186549
791,7.82192443148233e-05,0.00260247973104318,0.6050239,0.5263757,1.322197,1.8162507,2.501159,0.14681467,2.7637782,1.3834066,8.718298,15.1601305,16.699844,11.180482
792,7.879946118919179e-05,0.002517613892753919,0.6042624,0.5315545,1.3894213,1.772761,2.5711591,0.15129489,2.6914136,1.4382651,8.60739,14.637694,16.885311,11.241737
793,7.953503984026611e-05,0.002533335859576861,0.6054907,0.54679686,1.3894811,1.8115857,2.9279714,0.15513684,2.699879,1.4556998,8.45162,14.871027,16.14214,11.105693
794,9.94422344956547e-05,0.0025369860231876373,0.6796171,0.5875081,1.5347266,2.0203612,2.8407621,0.19153415,2.6622236,1.2390282,9.015456,14.5714245,16.995588,11.376713
795,9.583133913110942e-05,0.0024435631930828094,0.65484065,0.54858315,1.4385008,2.1003625,4.262229,0.19842024,2.7060528,1.5441849,7.8734465,14.344011,15.795308,10.654869
796,0.00011211363191250712,0.0024999119341373444,0.6484072,0.5377761,1.4018719,2.3026128,7.0919065,0.31749716,2.700508,1.4187474,8.5429535,14.46842,16.666523,10.800233
797,0.00014091780583839865,0.002637323612968127,0.80066955,0.7099673,1.6977011,2.28821,4.4916544,0.28298554,2.7737808,1.4975513,10.058285,15.499745,17.657732,11.802669
798,0.0001588674692902714,0.0024763519565264383,0.8342421,0.72846794,1.8522357,2.809803,3.6379805,0.33368105,2.7340465,1.5979362,9.463258,14.672866,17.015112,10.725504
799,0.00018732286465819925,0.00260261632502079,0.91375947,0.76335794,2.139783,2.7811751,4.542691,0.39540327,2.7566552,1.4914389,9.077939,15.442657,18.131044,11.489561
800,0.00016328147990861907,0.0029279875258604684,0.8601753,0.74703425,1.977815,2.7071812,4.4619465,0.33453724,2.8908362,1.3974867,10.457152,15.717359,18.625137,13.18146
801,0.00020336485875304788,0.002368827039996783,0.90235883,0.7661724,2.1220698,3.5934317,6.494194,0.522042,2.6326916,1.5553057,8.624457,16.956654,17.60449,10.498679
802,0.0001541994168655947,0.002620294690132141,0.8454802,0.720636,1.8802321,2.5728626,2.994475,0.29848143,2.7825856,1.3600547,10.917595,14.706909,15.476586,11.646247
803,0.0001667108217952773,0.002773875370621681,0.8607929,0.70443356,2.0617979,2.5867214,3.4477596,0.3536506,2.9067426,1.5785788,8.651952,16.671392,16.891846,12.0959015
804,0.00014324582560220733,0.0024687579522530236,0.8214928,0.7127181,1.9065516,2.4024463,3.0638187,0.2686003,2.6738505,1.3942307,9.3928995,15.123228,17.105223,10.995374
805,0.00011828726303065196,0.002523834506670634,0.7596125,0.7010923,1.6181225,1.983224,3.1306283,0.20207383,2.7541995,1.4728519,8.585373,14.636352,16.984917,11.043449
806,9.468639153055847e-05,0.002270920823017756,0.6500753,0.5609284,1.4794554,2.0109684,4.296919,0.19944894,2.557203,1.2208091,9.461262,14.213769,16.273216,10.229549
807,8.224613411584869e-05,0.0023854182412226996,0.6272344,0.55778,1.364088,1.7588171,2.6868598,0.1473139,2.6318073,1.295641,9.306368,14.462865,15.812589,10.666895
808,8.212308486690745e-05,0.0024311430752277374,0.57968515,0.4731261,1.3690562,2.3476374,3.847765,0.20379551,2.6523921,1.2278407,9.49442,14.692321,17.395271,10.889961
809,7.899387535871938e-05,0.0025492211182912192,0.6044741,0.5230194,1.362281,1.7439754,2.96174,0.15316705,2.6564307,1.3930702,8.297656,15.882516,17.57486,11.610591
810,7.932642329251393e-05,0.002623156333963076,0.5958941,0.5004596,1.3599274,1.95571,2.5445287,0.166249,2.7245982,1.4488716,9.288319,15.309343,17.70727,11.699244
811,8.190078238840215e-05,0.0026663957784573236,0.60985607,0.5248866,1.3139989,1.9521871,3.0538988,0.16729498,2.728089,1.447577,9.1517725,16.326149,17.386154,12.143862
812,7.326130697038024e-05,0.0025810071577628455,0.58277804,0.50202113,1.3502823,1.7365568,2.2733111,0.14165421,2.642393,1.3071978,9.478396,15.521374,18.10991,11.933573
813,7.300709301489406e-05,0.002599775791168213,0.5831736,0.48698467,1.3243042,1.919689,2.3283494,0.14092474,2.6846974,1.3935529,8.478054,16.040808,17.052942,11.846251
814,7.254077849211171e-05,0.0025143114229043326,0.5834084,0.5166201,1.2882501,1.7617371,2.3448508,0.13581416,2.6775756,1.3455873,9.203327,14.599134,16.867794,11.219694
815,7.044540019705892e-05,0.002696741372346878,0.5490053,0.46897212,1.2835557,1.9804183,2.6227138,0.16080377,2.7343395,1.3579463,9.285698,14.762507,17.601543,12.39343
816,6.008150492561981e-05,0.0025194274882475534,0.5282162,0.45456475,1.2067873,1.5854652,2.0200355,0.115150794,2.6827302,1.4296842,9.234282,14.575398,16.913658,11.363942
817,7.898256182670594e-05,0.002574790269136429,0.61325455,0.5359537,1.3385767,1.8207268,2.24472,0.14210181,2.647954,1.2131367,9.747303,15.271093,17.85521,11.838033
818,8.03828242351301e-05,0.00256199948489666,0.62507105,0.54608065,1.3374021,1.664013,1.93856,0.13530329,2.7667391,1.5182958,9.231249,15.132061,16.72286,11.296888
819,8.180045173503459e-05,0.0025662314146757126,0.6203425,0.5381398,1.2813963,1.9698483,2.29661,0.1496414,2.679481,1.4527023,9.095443,16.132338,16.9165,11.519304
820,7.410629477817565e-05,0.0026135320464769998,0.5820646,0.4949555,1.2953248,1.7941314,2.5697882,0.1450695,2.710494,1.3079026,9.113863,15.201262,16.87383,11.644407
821,6.492673215689137e-05,0.0027130103359619775,0.5486023,0.48254457,1.2118248,1.517983,2.5013154,0.12549537,2.7720528,1.185868,10.103011,14.392062,17.430443,12.070848
822,6.963488005567341e-05,0.0025977585464715958,0.54989016,0.45327154,1.3262281,1.7549007,3.092058,0.15509817,2.7731235,1.4099219,9.349772,15.4203825,16.70411,11.249287
823,7.367267069639638e-05,0.002557259052991867,0.5889063,0.51964134,1.2178503,2.111029,2.7990425,0.13685367,2.689338,1.2607403,9.325419,14.467886,16.900436,11.585445
824,7.997527718544007e-05,0.00254052442808946,0.6010747,0.50280005,1.3807778,1.8008835,2.1432016,0.16301143,2.7721143,1.4870613,9.209015,14.117592,15.790817,10.60734
825,8.692101793712937e-05,0.0026189740747213364,0.5766013,0.5089886,1.1868722,1.6643335,7.889786,0.24186575,2.7655602,1.3079154,10.811604,14.378426,15.830126,10.969782
826,9.512126445770263e-05,0.0023840696861346564,0.62480205,0.52414054,1.4404315,2.363919,4.748997,0.23494057,2.5973792,1.2356925,9.852734,14.820739,16.487944,10.5869
827,9.646940714446827e-05,0.002768560623129209,0.6594472,0.55778,1.5141321,2.3112235,2.8290236,0.19986804,2.7463214,1.2271035,8.922539,15.849369,17.686947,12.62594
828,8.154890849255026e-05,0.002496494601170222,0.5992729,0.51510286,1.4616408,2.1776044,2.4709258,0.1741069,2.68261,1.3292706,9.5456505,15.707815,17.292442,11.205068
829,9.086433536140248e-05,0.0025710538029670715,0.64964104,0.5811455,1.4129838,2.0951703,2.8191116,0.17452703,2.6473444,1.2403061,9.245939,14.795984,17.137691,11.858136
830,8.867240889230743e-05,0.002653490131100019,0.63270414,0.5478693,1.4938173,2.1736267,2.338833,0.1805034,2.7742305,1.3336303,9.014722,16.095907,17.496447,11.853505
831,9.342890523839743e-05,0.0027254316955804825,0.6348553,0.51052403,1.4571527,2.5704584,3.3645284,0.21053189,2.8384917,1.3472135,9.654811,14.964197,16.813322,11.553379
832,8.364790919586085e-05,0.0025979597121477127,0.62487715,0.5406791,1.4005189,1.903991,2.7963138,0.15992536,2.7429266,1.2597246,9.201341,14.665522,17.180244,11.663392
833,8.48307175328955e-05,0.002754200870792071,0.62264466,0.52339333,1.4073251,1.8430575,3.566229,0.16914506,2.88414,1.4178863,9.89116,14.469165,18.555302,11.750885
834,7.754409554763697e-05,0.002571015308300654,0.60663205,0.5263757,1.3589501,1.7591794,1.9844563,0.14226855,2.6152737,1.3352661,8.97501,14.896808,18.359434,12.046941
835,8.425947569776327e-05,0.0025990506013234458,0.63036597,0.5654451,1.3590285,1.8518872,3.0002224,0.15545586,2.8229864,1.452249,9.5425415,14.68956,17.861502,10.817353
836,8.30942508764565e-05,0.0026178459326426187,0.6021864,0.49967703,1.3748592,2.0120676,2.994867,0.18228157,2.7616131,1.5459545,9.252245,14.436099,17.338581,11.262204
837,8.703111467184499e-05,0.0028065132598082223,0.62843686,0.53959227,1.4064273,2.113752,2.7060244,0.17676352,2.8096607,1.7044952,8.973297,15.886388,17.463648,12.494845
838,7.738320884527639e-05,0.002474481239914894,0.593789,0.5082192,1.3643897,1.7360406,3.0495367,0.15576153,2.6789503,1.2600781,9.350168,14.570939,17.486198,10.813799
839,8.033189646084792e-05,0.002381257712841034,0.6124206,0.5315545,1.4054874,1.7390571,2.8575263,0.15481281,2.6794047,1.5923623,9.351199,13.768481,16.131144,9.774957
840,8.234490567701869e-05,0.0024199075996875763,0.616626,0.52001774,1.3854742,1.9524207,2.485537,0.16249703,2.6311755,1.3040586,9.329028,14.475803,17.560705,10.793543
841,7.377580972388387e-05,0.002766979858279228,0.5883272,0.5286014,1.2595251,1.860438,2.731583,0.13730627,2.8142645,1.4843055,10.043086,14.765625,17.07059,11.692608
842,7.444379443768411e-05,0.002503701796134313,0.5815357,0.5097569,1.3728944,1.7598326,2.5527463,0.14888191,2.5937037,1.3061129,9.080102,16.280243,17.975101,11.725711
843,7.584084698464722e-05,0.0025601424276828766,0.58098257,0.50667673,1.3726478,1.8497946,2.5991738,0.15838559,2.7211337,1.3945785,9.474486,15.081898,18.313528,11.379408
844,7.685497403144836e-05,0.0024535066137711206,0.5998187,0.5432065,1.3008103,1.7274196,2.1407347,0.14389786,2.5727532,1.2323371,9.281608,15.10851,16.583996,11.418885
845,0.00016437372425571084,0.0024412491669257483,0.7088537,0.5248866,1.8423651,2.8361404,9.665278,0.57230407,2.8340259,1.6354811,7.620854,15.00515,17.235275,8.724386
846,0.0019437722116708756,0.004470725233356158,2.4275792,1.6718719,6.9424458,13.692266,21.986418,6.905002,4.370759,3.589497,10.805268,14.743021,19.0262,10.929549
847,0.003141125263646245,0.002761117493112882,3.279253,2.2665858,10.12317,15.583897,21.218536,9.904631,3.0870442,1.8859179,8.91053,14.1699,19.309631,10.076107
848,0.0018656108900904655,0.0027440208941698074,2.6181314,2.0743368,6.4514065,10.604767,25.781172,5.3013606,3.1127458,1.7459428,9.231748,13.922936,15.934115,10.47923
849,0.0012636835186276584,0.00235032228132089,2.0955532,1.5331452,5.3986797,8.303012,23.353638,3.980163,2.8857148,1.7538992,8.772605,12.691999,13.688697,8.875139
850,0.0009312465565744787,0.002950172250469526,1.82089,1.4130545,4.223746,8.580762,15.870388,2.832843,3.332489,2.1529431,9.793157,14.401897,15.43463,10.16693
851,0.0005908801243640483,0.0033566957960526147,1.5249469,1.1935378,3.3601322,5.567212,11.459304,1.558893,3.1511724,1.5344605,12.207199,15.705106,15.80054,15.218256
852,0.0006159838807070628,0.0030417473365863166,1.5424236,1.2461549,3.5063114,6.5027122,12.288848,1.6904355,3.2997382,1.9569217,11.090722,13.293459,17.575176,11.47148
853,0.000495551194762811,0.002486294135451317,1.4286832,1.1570752,3.4390929,5.3395457,10.557115,1.2226299,2.903129,1.5236062,9.4571,13.785329,17.339394,10.103693
854,0.00039788897265680134,0.002785650392373403,1.2644567,1.0283151,2.7752085,4.3013053,10.347599,1.0170376,3.088203,1.7563627,9.6802845,14.031695,15.56643,11.228802
855,0.00027946093934588134,0.0024419898788134256,1.0771402,0.89547414,2.5161953,3.4981818,7.7764244,0.6651515,2.7825527,1.4874862,10.013364,14.633845,17.402342,10.313108
856,0.00024032235378399492,0.0025579401602347693,0.99861366,0.8327475,2.300373,3.6637118,6.3479824,0.5538178,2.808855,1.5146341,9.863266,13.651222,15.611608,11.139143
857,0.000268789908150211,0.002619356537858645,1.020213,0.79080516,2.3511462,4.521694,8.490355,0.7319238,2.853011,1.5875336,9.445352,14.703648,17.122028,11.334812
858,0.00019552882062271238,0.0025800286481777825,0.9160712,0.77758026,1.9723222,3.1015887,5.001944,0.42329064,2.8819497,1.4355676,9.514954,13.888798,15.705896,10.861878
859,0.00015165066492045298,0.0026546617348988852,0.8214926,0.68528444,2.044692,2.5938213,4.2561593,0.32451436,2.9675577,1.7442663,9.7582245,14.703988,16.89811,11.00579
860,0.00013950716995168478,0.002676061044136683,0.794126,0.6778198,1.9378383,2.5051792,3.230103,0.2859499,2.8779945,1.2731543,10.022321,14.71428,16.8533,11.46387
861,0.00012966698181116954,0.00264633446931839,0.76385605,0.65222096,1.7888118,2.3954003,3.7380595,0.27159876,2.9354515,1.5452539,9.755764,14.500959,16.892775,11.1234665
862,0.00010862839932087809,0.0025663537283738456,0.7132318,0.6314907,1.4969742,2.1606412,3.4365544,0.20675945,2.782828,1.2488487,8.845058,14.342575,16.521181,11.285784
863,9.72904497757554e-05,0.0024449794242779412,0.67126805,0.59182197,1.3365078,2.040714,3.3151705,0.18381923,2.748761,1.2839563,9.685379,14.414492,16.412376,10.666548
864,0.00010919417341938242,0.0025033888717492423,0.7147023,0.6006827,1.5814004,2.201222,2.7848096,0.20619144,2.7551787,1.3863916,9.132329,14.493682,17.005505,10.9033575
865,0.00011330182751407847,0.002630223830540975,0.71515816,0.60909337,1.6103396,2.2656388,3.4931746,0.2346933,2.819343,1.3380096,9.59231,14.763042,16.68699,11.554293
866,0.00010277610563207418,0.0024995425095160804,0.68854856,0.6094145,1.5281332,2.2138336,2.9361165,0.20268115,2.813148,1.3527737,8.96762,14.522655,16.301857,10.65074
867,9.59092951961793e-05,0.0025131559620300927,0.65857166,0.56023026,1.5341899,2.1289642,3.8047252,0.19542211,2.7260294,1.2941312,9.762845,14.311264,16.780102,11.252211
868,8.701275190105662e-05,0.002503522982199987,0.6429289,0.5605794,1.3447317,1.94324,2.347854,0.15712364,2.794926,1.420752,9.6153345,14.501329,16.64883,10.844274
869,8.291990714496933e-05,0.0025505200028419495,0.6262401,0.5637122,1.3625597,1.7988402,2.411677,0.15336181,2.7987201,1.3107429,9.187995,14.443496,16.707874,11.131799
870,8.811389037873597e-05,0.0025068211058775582,0.6418507,0.5661368,1.4082367,1.8435618,2.8460631,0.16645586,2.735876,1.2165147,9.649177,14.405826,16.90713,11.151039
871,9.316118870628997e-05,0.0024692087123791375,0.66801023,0.5875081,1.4018475,1.9953159,2.5366704,0.16444156,2.692713,1.2043854,9.435644,14.496781,16.958197,11.095437
872,7.73230539925862e-05,0.00263075220088164,0.5958566,0.5082192,1.3286583,1.9818754,2.5587199,0.15350583,2.8279037,1.3331549,9.924576,14.220026,16.395967,11.449291
873,8.118749829009176e-05,0.002495512366294861,0.62034464,0.54893976,1.3648703,1.7242993,2.050518,0.14826018,2.7284117,1.4353844,9.45653,14.491252,16.78087,11.0529
874,0.0002585412334883586,0.0025387474646170935,0.79175955,0.59347284,1.8395857,3.4811144,17.391798,1.0788883,2.7758458,1.2154683,9.227207,14.441396,16.803625,11.076358
875,0.0002507535892073065,0.002701894069711367,1.064251,0.8996164,2.3628414,3.2876425,5.522793,0.50917417,2.8365064,1.3508546,9.745289,15.326742,17.385822,11.674614
876,0.00014446188637521118,0.0026988349854946136,0.82084,0.73674786,1.7318885,2.4240437,3.0275674,0.27026638,2.8166106,1.3961902,9.640224,14.772406,17.288385,11.73657
877,0.00010834198736120015,0.0027809832245111465,0.70712394,0.5928131,1.5640996,2.161629,3.5106742,0.21346308,2.8815978,1.5777342,9.911171,14.612038,17.757101,12.094897
878,0.00010582519287709147,0.002758569394548734,0.6913829,0.61165804,1.5183659,2.5968778,3.0047863,0.2145774,2.813027,1.3440332,9.461562,15.31583,17.329353,12.1444025
879,8.930026349844411e-05,0.002763921394944191,0.65058273,0.56786233,1.437058,1.9792128,2.6256971,0.16463622,2.8836942,1.3172978,9.690871,15.1027355,16.600355,11.908363
880,8.739015262108296e-05,0.0026883619527022042,0.6311152,0.52339333,1.3230762,1.770423,3.492446,0.17379929,2.7929494,1.2127299,9.620799,14.84914,17.18667,11.733693
881,8.864190720487387e-05,0.002733752131462097,0.63392305,0.55320066,1.3645833,1.9731871,4.1148496,0.17790368,2.8212416,1.2521467,10.538034,14.961477,16.937893,12.297252
882,9.203458088450134e-05,0.002817570542295774,0.64814407,0.5668276,1.5252562,2.0651727,2.6792727,0.1843104,2.8718617,1.2555268,10.266789,14.255341,17.262558,12.467965
883,9.443193674087525e-05,0.002717722828189532,0.64900833,0.5760729,1.5558039,2.1852317,2.5191715,0.20178992,2.8029866,1.2308216,9.979056,14.379447,16.496197,12.228744
884,8.490563603118062e-05,0.002768954262137413,0.63939774,0.57912177,1.3423474,1.7583783,2.3071532,0.14774781,2.8144677,1.3688664,9.832939,14.483278,17.611784,12.567367
885,8.14539080602117e-05,0.0026217903941869736,0.6197136,0.54679686,1.3390628,1.888012,2.0696137,0.15041864,2.7434356,1.1786375,9.828228,14.688261,16.858776,11.828559
886,8.802580152405425e-05,0.0028229535867770514,0.6366796,0.55249286,1.3715186,1.9369646,3.0014617,0.1747777,2.9187546,1.5077183,10.210202,14.488448,18.172285,12.215701
887,8.329723903443664e-05,0.00276947021484375,0.6214748,0.53375864,1.4281504,1.9406118,2.7802372,0.15991266,2.8301184,1.1679876,9.8062,14.688532,17.711885,12.343783
888,7.156737730838358e-05,0.0027269447843233743,0.5712371,0.48456785,1.228247,1.6370851,3.7830477,0.14500725,2.8105054,1.4080443,10.090108,14.847012,18.13131,12.16459
889,7.329849118832499e-05,0.0028746258467435837,0.5762238,0.49967703,1.2502909,2.080944,2.8001611,0.14934717,2.9923525,1.7005959,9.451851,14.84552,18.349913,12.225008
890,5.8609373518265784e-05,0.002633923664689064,0.52078044,0.44674927,1.117323,1.8809254,1.9745693,0.11263756,2.7142665,1.2415915,9.832514,14.548034,17.334614,11.964299
891,6.106588727561757e-05,0.0027183865507443747,0.54304963,0.4805128,1.1732925,1.4316005,1.8511833,0.10476438,2.7381606,1.2479811,9.988222,14.73953,18.225723,12.635182
892,5.4098597029224035e-05,0.002743436644474665,0.50372255,0.44411355,1.0783975,1.4990196,2.180142,0.09806816,2.7757347,1.2573802,9.780927,14.6502495,17.792864,12.546057
893,6.585021445062012e-05,0.0026468044767777124,0.5476207,0.48938954,1.1882881,1.6450566,2.2322168,0.13116667,2.7396038,1.320564,9.63798,14.39716,17.230202,11.965094
894,0.00013578586862422526,0.002756508688131968,0.6959285,0.5446454,1.5652199,2.7367554,8.879161,0.40686366,2.7942379,1.528095,11.263562,14.917188,19.605957,12.620231
895,0.00011155660351505503,0.0025381669402122498,0.7087777,0.607807,1.6097293,2.4312296,3.2859273,0.23252518,2.6883628,1.1464813,9.583573,15.309418,17.468311,11.11649
896,0.00010108052549185232,0.0026794330527385077,0.65571976,0.564406,1.4831014,2.2524107,4.8782115,0.23425998,2.7744849,1.4292758,10.349024,14.539629,18.246185,12.019419
897,8.48423977731727e-05,0.002701687936981519,0.616585,0.5166201,1.3823211,2.053509,3.0934508,0.1778157,2.7791977,1.3092384,10.252147,15.257695,18.947622,12.302012
898,7.560907659353688e-05,0.0026346376786629357,0.5820735,0.49456003,1.3194075,1.8260831,2.8953643,0.15977482,2.6847818,1.1326098,10.218306,15.334219,18.512262,12.012528
899,7.634463225258514e-05,0.00262349471449852,0.59067196,0.50280005,1.2595251,2.0082238,2.267967,0.1519261,2.7550027,1.2490201,9.891705,15.050184,17.20587,11.631663
900,6.799746013712138e-05,0.0025676054259141288,0.54966015,0.46224812,1.2956122,1.804098,2.5098302,0.14439951,2.732816,1.2103071,9.816141,14.678654,17.73181,11.448809
901,5.868768465006724e-05,0.0025648238758246102,0.5335169,0.46813694,1.1405636,1.57793,1.882008,0.10021559,2.6912549,1.0880246,9.651905,15.05585,17.72074,11.768147
902,6.799937458708883e-05,0.002626876657207807,0.5743401,0.52189577,1.2358043,1.4483849,1.6694119,0.11546328,2.7360349,1.2338222,9.520973,14.933163,17.84584,12.044008
903,6.739982054568828e-05,0.0026109814643859863,0.5627066,0.46520182,1.2517949,1.6889198,2.1081219,0.12510683,2.7029552,1.3936207,9.272409,15.049843,17.904419,11.938299
904,6.324911373667419e-05,0.0026047776142756143,0.54611343,0.5043543,1.2687106,1.5691236,2.0444963,0.1156244,2.703825,1.2241037,9.977471,14.855431,18.32308,11.931325
905,6.411699156160467e-05,0.0025877424826224646,0.5395672,0.4668813,1.2351946,1.670985,2.788954,0.13157217,2.6805937,1.2399194,9.860449,14.609941,18.303505,12.035936
906,6.61294735618867e-05,0.0025909356772899628,0.5582349,0.47642323,1.2674485,1.5493474,2.3408408,0.12283527,2.7317576,1.3808022,9.907595,14.519941,17.721323,11.678633
907,6.356829660944641e-05,0.0026797279715538025,0.54684716,0.4877876,1.1748683,1.4217033,2.2890124,0.11550244,2.7680311,1.1964817,9.7812395,14.649765,18.208748,12.027661
908,5.998732958687469e-05,0.002665633956591288,0.53045774,0.4722982,1.1645924,1.5077665,2.1932988,0.11391826,2.7809134,1.2761005,9.819865,14.645603,17.770834,11.854218
909,7.401106457109563e-05,0.0026543823381265006,0.593256,0.5173771,1.2717623,1.8919411,2.388025,0.13549325,2.7346106,1.1265061,9.580727,14.605619,18.212103,11.995859
910,6.830051570432261e-05,0.0026470242689053216,0.5687978,0.49018857,1.2483162,1.5671039,2.1087718,0.12306953,2.729717,1.2439169,10.228782,14.679499,18.06861,12.238745
911,6.137661068351008e-05,0.0027882661670446396,0.5310634,0.4476244,1.1834481,1.7007223,1.9970398,0.121257216,2.887636,1.5184579,9.950538,14.652218,17.31839,12.26499
912,5.9995743067702276e-05,0.0025402307510375977,0.5201886,0.45542488,1.1499841,1.8087736,2.6520298,0.12435549,2.6690612,1.3053213,9.726517,14.676359,17.30069,11.757478
913,6.322810280835255e-05,0.002640441060066223,0.5283653,0.43745476,1.2145501,1.8948083,2.273225,0.13542977,2.835092,1.3589793,9.752099,14.623838,17.627861,11.487239
914,5.923640273977071e-05,0.0026862832407156625,0.5181148,0.43700722,1.1602108,1.5963025,2.2139928,0.12070993,2.7876875,1.3410616,9.61554,15.032512,17.402672,12.125566
915,7.303829421289266e-05,0.002539144828915596,0.58175504,0.50860405,1.2464877,1.7036831,2.445366,0.13649645,2.7024126,1.2418256,9.777671,14.271894,17.275131,11.430585
916,5.682187591446564e-05,0.0027567551781733832,0.5200833,0.45842254,1.145281,1.5583323,1.8102404,0.10176369,2.7816823,1.2237513,9.909337,15.621851,17.200964,12.63249
917,5.8350425679236653e-05,0.002639531468351682,0.51287174,0.45240733,1.1118739,1.7604305,2.7151234,0.11939209,2.729033,1.2251663,10.057198,15.109696,17.290663,12.148631
918,6.615768259507604e-05,0.0026134811341762543,0.55596477,0.48497146,1.2188021,1.9962776,2.456865,0.1264732,2.8244197,1.4049319,10.076193,14.675756,17.412535,11.470911
919,5.408291646745056e-05,0.002508514871199926,0.5070431,0.44849777,1.1591365,1.4685653,1.8112133,0.09839431,2.6893754,1.2404299,9.78736,14.611455,16.85661,11.375629
920,6.506461388198658e-05,0.002656319489081701,0.5387907,0.44936955,1.2456458,1.5996351,2.573822,0.1348299,2.8202808,1.4887404,9.733617,14.447738,17.357157,11.578982
921,6.644976834650151e-05,0.002613551914691925,0.55368924,0.46980584,1.2045218,1.9573115,2.2065547,0.13048492,2.770802,1.4033962,9.810206,14.390529,17.732101,11.513262
922,6.83774970821105e-05,0.002639365072051684,0.556861,0.48537478,1.3419058,1.6694477,2.3876972,0.13866717,2.8169198,1.4225628,9.934571,14.780211,18.422596,11.6387615
923,6.353670592943671e-05,0.0026687216013669968,0.5228226,0.42795846,1.3082967,1.78971,2.4350991,0.1459501,2.7758565,1.2888622,9.832283,15.337978,18.364141,12.091697
924,6.134424082119949e-05,0.0024765909959872565,0.5243916,0.43968555,1.1863679,1.6442144,2.5354354,0.12785892,2.6503353,1.1685998,9.754926,14.877917,16.906366,11.329183
925,5.8816293312702327e-05,0.002507351959745089,0.5196589,0.43611082,1.1275742,1.797801,1.9887909,0.1155895,2.6729906,1.3173184,9.938744,14.747196,17.169754,11.443495
926,5.619766627205536e-05,0.002454714849591255,0.5048947,0.44980475,1.0783008,1.5387307,2.3069835,0.11353296,2.63196,1.2362139,9.14347,14.773358,17.296762,11.181108
927,5.7351176656084137e-05,0.002445397898554802,0.50980896,0.4329587,1.1266534,1.4072946,2.8214715,0.117637806,2.6728668,1.3770661,10.007288,14.22493,17.133322,10.891814
928,6.095904580433853e-05,0.002576774607102076,0.51831883,0.43611082,1.2737316,1.7577748,2.2703822,0.13182183,2.7041032,1.2534127,9.816587,14.545011,17.995829,11.603032
929,6.191747699631378e-05,0.0025777084132035575,0.53386897,0.466462,1.2823871,1.8794688,2.076034,0.12232156,2.7560425,1.3849977,10.207334,14.78215,17.707561,11.43443
930,8.975697273854167e-05,0.0025828381379445395,0.62875456,0.5560232,1.3525453,1.8620782,5.1216636,0.19463421,2.7099233,1.3197871,9.8047,14.667684,17.665836,11.261155
931,9.710078069474548e-05,0.0026116706430912018,0.6817856,0.6016592,1.491016,1.9232904,2.5636876,0.17366716,2.8090296,1.573092,8.589558,14.659792,17.595522,10.592839
932,9.22131194965914e-05,0.0024644695222377777,0.638558,0.5248866,1.4871935,1.9597912,3.3915367,0.19762176,2.6463819,1.1671782,9.077232,14.581412,18.749279,11.346949
933,7.383810792816802e-05,0.0023824001351992288,0.572918,0.4756011,1.327833,1.9275435,3.2703993,0.15840062,2.6085944,1.4825003,8.750162,14.679655,17.428562,10.612187
934,9.665154502727091e-05,0.002549748867750168,0.6296922,0.5267473,1.4838374,2.6073327,4.171008,0.23893891,2.7084959,1.29708,9.561515,14.497891,17.247683,11.244465
935,9.4367231358774e-05,0.0027342643588781357,0.65447843,0.56751764,1.4345746,2.0666225,3.185797,0.19199564,2.7897787,1.4187466,10.131862,15.110508,17.382633,12.193748
936,7.635501722688787e-05,0.002437671646475792,0.58674556,0.5271186,1.2931935,2.0217865,2.6333647,0.15787439,2.653253,1.3720894,9.355424,15.144117,16.386068,11.0067425
937,7.095598266460001e-05,0.0026024958739678064,0.5577973,0.46435982,1.3668923,1.8660084,2.0726376,0.1553325,2.7323704,1.2829311,9.907622,15.1697445,16.57927,11.70403
938,6.508234655484557e-05,0.002472594380378723,0.5348513,0.4405747,1.269795,1.7751143,2.469737,0.13559233,2.6551373,1.2444053,9.831355,14.632592,16.848152,11.0454235
939,6.227124198630918e-05,0.0027214189370473227,0.5235344,0.4432315,1.2168087,1.9496508,2.1497664,0.13637593,2.8303208,1.2966859,9.826558,14.917026,16.760311,11.989371
940,6.426198000553995e-05,0.002386723334590594,0.542383,0.4731261,1.2446951,1.7200538,2.2033591,0.12755841,2.5970342,1.2825642,9.437711,14.34767,16.598097,10.870845
941,7.208748516859486e-05,0.0024603785326083503,0.5723184,0.49018857,1.3729944,1.7005632,2.21629,0.14700006,2.6564877,1.2049093,10.141064,14.918637,16.835114,11.162493
942,5.882296449271962e-05,0.0024850554764270782,0.5185433,0.44234765,1.1854322,1.611316,1.9166296,0.116768636,2.651335,1.2236216,9.370776,15.285129,16.078304,11.464715
943,6.630099727772176e-05,0.002437379832069079,0.55693316,0.49574557,1.2534671,1.6395429,2.225807,0.12212728,2.6995733,1.3303375,9.621081,14.848062,15.956168,10.804476
944,0.00010082461521960795,0.002536991611123085,0.64852434,0.54751205,1.5531313,2.4549456,3.8954098,0.24167661,2.652146,1.2379227,9.480141,14.528037,16.521578,11.736445
945,9.163584851194173e-05,0.00263251302142938,0.6364086,0.5293412,1.4066137,2.2928164,2.782911,0.19432625,2.8150158,1.348684,10.051458,14.575516,17.411007,11.234004
946,8.194390422431752e-05,0.00240153136352698,0.6011813,0.5097569,1.2902533,2.0066986,4.1932983,0.17553106,2.6091712,1.1786789,9.509703,15.138148,16.270597,11.026479
947,0.0003934381529688835,0.002859611685077349,1.0280607,0.7322188,2.8062363,4.816246,14.977793,1.3928702,2.9777737,1.7906659,9.887159,17.066036,17.498629,12.417156
948,0.0009137189527973533,0.0031878153483072915,1.7372655,1.2651678,4.6016035,9.913842,12.681186,2.958014,3.4096768,2.0179977,11.39425,13.858642,13.886275,10.517556
949,0.001000660788267851,0.0027859030912319818,1.9084673,1.4136083,4.859923,6.777018,15.535208,2.8682132,3.0399108,1.9904816,9.271381,16.29442,17.813427,11.26333
950,0.0009787859302014112,0.004317851737141609,1.6887397,1.2567877,4.5525174,7.2452445,24.266064,3.5269907,4.015394,2.6654286,11.271004,17.475176,19.03932,13.67436
951,0.0013134077086579055,0.0023812310149272284,1.9493922,1.3490069,5.4392376,9.232083,29.309423,4.9195356,2.7909794,1.5074649,8.468306,14.107174,15.518382,9.583351
952,0.0008860669122077525,0.002599647268652916,1.5129752,1.1257011,3.4251637,6.7921944,28.934671,3.5777738,2.885941,1.6242194,9.610787,13.734424,15.244302,10.667473
953,0.0006509990571066738,0.0028319737563530603,1.2690747,0.94956315,2.9781513,4.49402,27.011084,2.6542594,3.1266901,1.79667,9.883407,13.767874,16.25417,10.551287
954,0.000500269039766863,0.002916550263762474,1.1270838,0.87491584,2.5197372,3.8131113,24.441477,2.041088,3.1156547,1.8197238,10.2179575,14.14093,17.1392,11.079863
955,0.0004765371640678495,0.0026599733779827752,1.1528637,0.8972207,2.3805711,4.5214357,15.49461,1.814651,2.8658526,1.3373497,10.153599,13.096625,15.497191,11.359277
956,0.0006129288673400879,0.0025539317478736243,1.0737755,0.8372002,2.2947085,4.169876,28.59683,2.9385104,2.9214015,1.4822965,9.61918,13.168562,14.674866,10.065193
957,0.0003773680335143581,0.0027620581289132438,1.0115806,0.7679581,2.4237535,3.9366577,18.112127,1.4692011,2.8903453,1.3971676,9.436622,12.314333,12.485869,10.33266
958,0.00029626764939166605,0.0027324402083953223,0.94612104,0.7576975,2.258007,3.8326037,15.908968,1.0643082,2.8959608,1.3460574,9.930378,13.9533825,14.621252,11.733631
959,0.0001950840884819627,0.0027480795979499817,0.8923512,0.719821,1.9982028,3.4421332,6.4189067,0.48173302,2.9539165,1.3867352,9.602083,13.712368,14.232595,11.053388
960,0.0002005359879694879,0.0027280431240797043,0.8774964,0.68414134,1.9842453,2.9110837,7.2396364,0.5173991,2.8026338,1.2075758,10.075522,14.01105,15.971143,11.708221
961,0.00023641361738555133,0.002813581998149554,0.90628296,0.7330201,2.0353117,3.1198823,12.113849,0.7266121,2.922335,1.337649,11.115748,14.689966,14.745661,12.179128
962,0.00036727754049934445,0.002633657306432724,1.1371042,0.8713301,2.5666785,5.2789707,13.306235,1.124843,2.852396,1.4142866,10.084942,14.721734,15.911223,11.461845
963,0.00033392660901881754,0.0025234551479419074,1.0736439,0.8062432,2.8199587,4.676118,12.701828,1.0397942,2.8634577,1.6046381,9.102944,12.967079,14.693592,10.416088
964,0.00022127361269667746,0.0025310957183440528,0.89156115,0.7584719,2.000897,3.1119866,12.005182,0.66384864,2.7853482,1.418814,9.881513,14.161892,15.661908,11.08404
965,0.00018639564543263988,0.0027862427135308585,0.80293155,0.6693956,1.8450192,2.9129443,11.543282,0.58439964,2.8609674,1.4261584,10.277466,15.049648,16.21831,12.56619
966,0.00015754657331854105,0.002652207389473915,0.73618686,0.577091,1.6007426,2.3776655,10.580277,0.49393722,2.8559875,1.4417865,9.639954,14.161036,15.11669,11.422045
967,0.00013713726657442747,0.002721227084596952,0.668615,0.5521385,1.4550833,2.2916062,10.913472,0.45611992,2.8767104,1.5473285,10.082649,14.112269,16.52667,11.775151
968,0.00015911479480564594,0.002648198356231054,0.7353353,0.61165804,1.5801775,2.7966156,9.871752,0.4999376,2.9295154,1.5042167,9.389975,14.167828,14.611318,11.03384
969,0.00013386403152253478,0.002597679694493612,0.7041289,0.6274496,1.3794458,2.4565437,9.516633,0.3858084,2.8149464,1.3331549,9.380845,14.884581,15.371938,11.280217
970,0.00019454596156720072,0.002687374750773112,0.7888597,0.66204745,1.7031775,2.7048197,11.225229,0.66129076,2.904595,1.3872678,9.731302,14.768573,15.043549,11.4879
971,0.00013315107964444905,0.0025883602599302926,0.70197284,0.5726661,1.5200363,2.715534,8.096115,0.38616264,2.8478386,1.4224656,8.623445,15.362691,15.626132,11.128726
972,0.00011458811874035745,0.0027279450247685113,0.7072232,0.584168,1.5991611,2.3243299,3.9492297,0.25311115,2.872288,1.4548198,8.932558,15.610035,16.454845,11.984732
973,9.287718421546742e-05,0.002650077765186628,0.65109354,0.5781073,1.3862861,2.048493,2.9918587,0.1867541,2.8612843,1.4245008,9.040194,14.3511715,15.720814,11.346611
974,0.0001214209315367043,0.002716109777490298,0.6777797,0.5719823,1.5760853,2.162214,8.278441,0.33905843,2.934834,1.3851545,9.568391,14.603272,15.558679,11.497288
975,9.626018319977447e-05,0.0027812769015630088,0.6561489,0.5619739,1.4705974,2.2171373,3.2818136,0.20323108,2.8810325,1.2705669,9.234544,15.619081,16.481686,12.144286
976,8.643347493489273e-05,0.0029011511554320655,0.63662857,0.55071914,1.4230932,1.8372846,2.2100997,0.16471557,2.9790475,1.4384463,9.838713,15.766086,16.767239,12.566251
977,7.34783138614148e-05,0.002659939850370089,0.5756252,0.4988932,1.2948108,1.894389,2.5064747,0.146134,2.8210857,1.357394,9.452235,14.574435,15.632849,11.49273
978,6.833194551290944e-05,0.002751621107260386,0.5675071,0.48213887,1.2126629,1.7216638,2.3378289,0.12754859,2.8593824,1.5428629,9.446846,15.596191,16.519129,11.965487
979,6.947329413378611e-05,0.002881580963730812,0.56911725,0.48416385,1.2267159,1.7801803,1.9347197,0.1330409,2.9835477,1.6539423,9.633485,14.456482,16.085417,11.75052
980,8.067390095675364e-05,0.0027269100149472556,0.6212421,0.5500081,1.2920351,1.9474295,2.7583957,0.1449521,2.8807857,1.5177513,9.837454,15.653094,15.893087,11.601334
981,7.60857189015951e-05,0.0028233882039785385,0.6054842,0.52339333,1.334233,1.61379,1.8699065,0.13370234,2.9154255,1.5989614,10.296438,14.879799,16.542595,11.929454
982,7.257052347995341e-05,0.0027725367496411004,0.5746909,0.4813265,1.2646106,1.7905688,2.3127456,0.1415577,2.894332,1.5602762,9.58851,15.234955,16.193823,11.825466
983,6.924481363967062e-05,0.002766357734799385,0.57567394,0.51926464,1.2401404,1.6188344,2.194191,0.120848946,2.8279643,1.2712208,10.206962,15.508618,16.575342,12.391788
984,5.494632401678245e-05,0.0027010031044483185,0.5077357,0.4432315,1.1577649,1.517909,1.8555127,0.104382515,2.8227,1.2492893,10.022957,14.649982,16.276825,11.922628
985,5.592373709077947e-05,0.0027242383609215417,0.50454634,0.42841542,1.1553392,1.515007,2.1974888,0.113041684,2.819523,1.3950636,9.926628,14.618019,16.230408,12.06131
986,5.0004594668280334e-05,0.0028279790033896766,0.4961302,0.4476244,1.0733411,1.3760802,1.6369771,0.08155879,2.9032667,1.3324642,10.03355,14.576891,16.58573,12.290456
987,5.331808570190333e-05,0.002869452660282453,0.49761078,0.44234765,1.1234716,1.57127,2.4273705,0.102717586,2.8394198,1.4023173,10.321786,14.705507,16.927164,12.833974
988,4.511330000241287e-05,0.0027498633911212287,0.4560568,0.40396765,1.024572,1.3901658,2.1320314,0.0885788,2.8089974,1.3089474,9.395706,15.48579,16.610573,12.315607
989,5.610326159512624e-05,0.002663916597763697,0.52694404,0.4735395,1.0685447,1.3979931,1.8747147,0.09035037,2.8107903,1.4547839,9.559877,14.009566,16.048706,11.611488
990,5.082375748315826e-05,0.0027455023179451623,0.47904924,0.4054182,1.0530969,1.4304578,2.6228628,0.103352,2.8757973,1.4240186,9.803212,14.104271,16.08538,11.74839
991,5.0983039254788306e-05,0.002714399869243304,0.49104178,0.41684067,1.1385927,1.4157053,1.7780625,0.093974195,2.8610697,1.5442939,9.496425,14.144887,16.358603,11.576298
992,5.538418918149546e-05,0.0027837554613749185,0.50636,0.43790182,1.1081032,1.4736577,2.5436053,0.10484732,2.8759842,1.4379711,9.6913185,14.892444,16.307987,12.225877
993,5.4242782935034486e-05,0.002694247290492058,0.50431365,0.46224812,1.0869893,1.4318632,2.596461,0.102437094,2.8106046,1.3638723,9.81829,14.352133,16.224922,12.0075655
994,6.412690680008382e-05,0.002629819636543592,0.5386125,0.4722982,1.1773225,1.5503632,3.2765596,0.12802406,2.735381,1.3677984,9.455452,14.345188,15.779493,11.914497
995,5.613119574263692e-05,0.002825899670521418,0.5231786,0.48898953,1.0931395,1.5404378,1.8180076,0.094432145,2.9638963,1.5566356,10.881704,14.749496,17.013947,11.937544
996,5.73127088136971e-05,0.0028011780232191086,0.51775384,0.45110792,1.1771932,1.5051281,2.0257437,0.10772392,2.872146,1.3909965,10.094975,14.483156,16.12475,12.126625
997,5.37786002678331e-05,0.002666528026262919,0.5094641,0.45542488,1.0441761,1.5142945,1.837495,0.09371523,2.7655513,1.4251186,9.90639,14.600388,16.19402,11.949806
998,5.7335220917593686e-05,0.002636641263961792,0.5174087,0.43790182,1.1677569,1.5440886,1.8998097,0.10801087,2.7544556,1.4212446,9.8666115,14.019733,15.940285,11.797724
999,5.3558808140223846e-05,0.002652263268828392,0.50369865,0.44849777,1.1165985,1.5416017,2.047557,0.09829553,2.7271304,1.388167,9.565618,14.9595,16.367573,12.108528
1000,4.3978404573863375e-05,0.0026963291068871817,0.45249778,0.39465722,0.9741977,1.5182648,1.8066692,0.084220596,2.7987285,1.453378,10.124539,14.688525,16.283464,11.779902
